Name,Website,Program,Speciality,Rating
APM Employment Services,https://apm.net.au,DES-Disability Management Service,All Client Types,2
APM Employment Services,https://apm.net.au,DES-Disability Management Service,All Client Types,3
APM Employment Services,https://apm.net.au,DES-Disability Management Service,All Client Types,1
APM Employment Services,https://apm.net.au,DES-Disability Management Service,All Client Types,3
APM Employment Services,https://apm.net.au,DES-Disability Management Service,All Client Types,3
APM Employment Services,https://apm.net.au,DES-Disability Management Service,All Client Types,2
APM Employment Services,https://apm.net.au,DES-Disability Management Service,All Client Types,2
Atwork Australia Pty Ltd,https://www.atwork.com/,DES-Disability Management Service,All Client Types,2
Atwork Australia Pty Ltd,https://www.atwork.com/,DES-Disability Management Service,All Client Types,3
Atwork Australia Pty Ltd,https://www.atwork.com/,DES-Disability Management Service,All Client Types,2
Atwork Australia Pty Ltd,https://www.atwork.com/,DES-Disability Management Service,All Client Types,1
Atwork Australia Pty Ltd,https://www.atwork.com/,DES-Disability Management Service,All Client Types,New Site
Atwork Australia Pty Ltd,https://www.atwork.com/,DES-Disability Management Service,Mental Health,3
Atwork Australia Pty Ltd,https://www.atwork.com/,DES-Disability Management Service,Mental Health,3
Atwork Australia Pty Ltd,https://www.atwork.com/,DES-Disability Management Service,Mental Health,3
Atwork Australia Pty Ltd,https://www.atwork.com/,DES-Disability Management Service,Mental Health,3
Atwork Australia Pty Ltd,https://www.atwork.com/,DES-Disability Management Service,Mental Health,4
Campbell Page,https://campbellpage.com.au,DES-Disability Management Service,All Client Types,3
Campbell Page,https://campbellpage.com.au,DES-Disability Management Service,All Client Types,1
Campbell Page,https://campbellpage.com.au,DES-Disability Management Service,All Client Types,2
Campbell Page,https://campbellpage.com.au,DES-Disability Management Service,Psychiatric Disability,2
Campbell Page,https://campbellpage.com.au,DES-Disability Management Service,Psychiatric Disability,3
Campbell Page,https://campbellpage.com.au,DES-Disability Management Service,Psychiatric Disability,3
CVGT Australia Ltd,https://www.cvgt.com.au/,DES-Disability Management Service,All Client Types,3
CVGT Australia Ltd,https://www.cvgt.com.au/,DES-Disability Management Service,All Client Types,5
CVGT Australia Ltd,https://www.cvgt.com.au/,DES-Disability Management Service,All Client Types,4
DVJS Employment Solutions,https://www.dvjs.com.au,DES-Disability Management Service,All Client Types,3
DVJS Employment Solutions,https://www.dvjs.com.au,DES-Disability Management Service,All Client Types,3
DVJS Employment Solutions,https://www.dvjs.com.au,DES-Disability Management Service,All Client Types,1
DVJS Employment Solutions,https://www.dvjs.com.au,DES-Disability Management Service,All Client Types,1
ECHO Australia Inc,https://www.echoaustralia.com,DES-Disability Management Service,All Client Types,3
ECHO Australia Inc,https://www.echoaustralia.com,DES-Disability Management Service,All Client Types,3
ECHO Australia Inc,https://www.echoaustralia.com,DES-Disability Management Service,All Client Types,5
Jobfind,https://jobfind.com.au/,DES-Disability Management Service,All Client Types,3
Jobfind,https://jobfind.com.au/,DES-Disability Management Service,All Client Types,2
Jobfind,https://jobfind.com.au/,DES-Disability Management Service,All Client Types,2
Jobfind,https://jobfind.com.au/,DES-Disability Management Service,All Client Types,5
Jobfind,https://jobfind.com.au/,DES-Disability Management Service,All Client Types,2
Jobfind,https://jobfind.com.au/,DES-Disability Management Service,All Client Types,3
Joblife Employment,https://joblifeemployment.com.au/,DES-Disability Management Service,All Client Types,2
Joblife Employment,https://joblifeemployment.com.au/,DES-Disability Management Service,All Client Types,3
MatchWorks,https://www.matchworks.com.au/,DES-Disability Management Service,All Client Types,4
MatchWorks,https://www.matchworks.com.au/,DES-Disability Management Service,All Client Types,5
MAX Employment,https://www.maxsolutions.com.au/,DES-Disability Management Service,All Client Types,3
MAX Employment,https://www.maxsolutions.com.au/,DES-Disability Management Service,All Client Types,3
MAX Employment,https://www.maxsolutions.com.au/,DES-Disability Management Service,All Client Types,5
MAX Employment,https://www.maxsolutions.com.au/,DES-Disability Management Service,All Client Types,3
MAX Employment,https://www.maxsolutions.com.au/,DES-Disability Management Service,All Client Types,5
MAX Employment,https://www.maxsolutions.com.au/,DES-Disability Management Service,All Client Types,3
OCTEC,https://octec.org.au/,DES-Disability Management Service,All Client Types,3
OCTEC,https://octec.org.au/,DES-Disability Management Service,All Client Types,3
OCTEC,https://octec.org.au/,DES-Disability Management Service,All Client Types,3
OCTEC,https://octec.org.au/,DES-Disability Management Service,All Client Types,4
OCTEC,https://octec.org.au/,DES-Disability Management Service,All Client Types,3
OCTEC,https://octec.org.au/,DES-Disability Management Service,All Client Types,4
AimBig Employment,https://www.aimbigemployment.com.au,DES-Disability Management Service,All Client Types,4
AimBig Employment,https://www.aimbigemployment.com.au,DES-Disability Management Service,All Client Types,5
APM Employment Services,https://apm.net.au,DES-Disability Management Service,All Client Types,2
APM Employment Services,https://apm.net.au,DES-Disability Management Service,All Client Types,5
APM Employment Services,https://apm.net.au,DES-Disability Management Service,All Client Types,3
APM Employment Services,https://apm.net.au,DES-Disability Management Service,All Client Types,2
APM Employment Services,https://apm.net.au,DES-Disability Management Service,All Client Types,3
Atwork Australia Pty Ltd,https://www.atwork.com/,DES-Disability Management Service,All Client Types,2
Atwork Australia Pty Ltd,https://www.atwork.com/,DES-Disability Management Service,All Client Types,2
Atwork Australia Pty Ltd,https://www.atwork.com/,DES-Disability Management Service,All Client Types,2
Atwork Australia Pty Ltd,https://www.atwork.com/,DES-Disability Management Service,All Client Types,New Site
Atwork Australia Pty Ltd,https://www.atwork.com/,DES-Disability Management Service,All Client Types,2
Atwork Australia Pty Ltd,https://www.atwork.com/,DES-Disability Management Service,All Client Types,2
Atwork Australia Pty Ltd,https://www.atwork.com/,DES-Disability Management Service,Mental Health,3
Atwork Australia Pty Ltd,https://www.atwork.com/,DES-Disability Management Service,Mental Health,2
Atwork Australia Pty Ltd,https://www.atwork.com/,DES-Disability Management Service,Mental Health,2
Atwork Australia Pty Ltd,https://www.atwork.com/,DES-Disability Management Service,Mental Health,3
Campbell Page,https://campbellpage.com.au,DES-Disability Management Service,All Client Types,2
Campbell Page,https://campbellpage.com.au,DES-Disability Management Service,All Client Types,3
Campbell Page,https://campbellpage.com.au,DES-Disability Management Service,All Client Types,3
Campbell Page,https://campbellpage.com.au,DES-Disability Management Service,All Client Types,3
Campbell Page,https://campbellpage.com.au,DES-Disability Management Service,All Client Types,2
CVGT Australia Ltd,https://www.cvgt.com.au/,DES-Disability Management Service,All Client Types,2
CVGT Australia Ltd,https://www.cvgt.com.au/,DES-Disability Management Service,All Client Types,4
CVGT Australia Ltd,https://www.cvgt.com.au/,DES-Disability Management Service,All Client Types,3
CVGT Australia Ltd,https://www.cvgt.com.au/,DES-Disability Management Service,All Client Types,3
MatchWorks,https://www.matchworks.com.au/,DES-Disability Management Service,All Client Types,5
MatchWorks,https://www.matchworks.com.au/,DES-Disability Management Service,All Client Types,3
MatchWorks,https://www.matchworks.com.au/,DES-Disability Management Service,All Client Types,3
MatchWorks,https://www.matchworks.com.au/,DES-Disability Management Service,All Client Types,3
MAX Employment,https://www.maxsolutions.com.au/,DES-Disability Management Service,All Client Types,2
MAX Employment,https://www.maxsolutions.com.au/,DES-Disability Management Service,All Client Types,3
MAX Employment,https://www.maxsolutions.com.au/,DES-Disability Management Service,All Client Types,2
MAX Employment,https://www.maxsolutions.com.au/,DES-Disability Management Service,All Client Types,2
OCTEC,https://octec.org.au/,DES-Disability Management Service,All Client Types,2
OCTEC,https://octec.org.au/,DES-Disability Management Service,All Client Types,4
OCTEC,https://octec.org.au/,DES-Disability Management Service,All Client Types,2
OCTEC,https://octec.org.au/,DES-Disability Management Service,All Client Types,4
OCTEC,https://octec.org.au/,DES-Disability Management Service,All Client Types,5
OCTEC,https://octec.org.au/,DES-Disability Management Service,All Client Types,3
WISE Employment Ltd,https://wiseemployment.com.au/,DES-Disability Management Service,All Client Types,5
WISE Employment Ltd,https://wiseemployment.com.au/,DES-Disability Management Service,All Client Types,5
WISE Employment Ltd,https://wiseemployment.com.au/,DES-Disability Management Service,All Client Types,4
APM Employment Services,https://apm.net.au,DES-Disability Management Service,All Client Types,5
APM Employment Services,https://apm.net.au,DES-Disability Management Service,All Client Types,5
APM Employment Services,https://apm.net.au,DES-Disability Management Service,All Client Types,5
APM Employment Services,https://apm.net.au,DES-Disability Management Service,All Client Types,5
APM Employment Services,https://apm.net.au,DES-Disability Management Service,All Client Types,5
APM Employment Services,https://apm.net.au,DES-Disability Management Service,All Client Types,5
APM Employment Services,https://apm.net.au,DES-Disability Management Service,All Client Types,5
Atwork Australia Pty Ltd,https://www.atwork.com/,DES-Disability Management Service,All Client Types,2
Atwork Australia Pty Ltd,https://www.atwork.com/,DES-Disability Management Service,All Client Types,3
Campbell Page,https://campbellpage.com.au,DES-Disability Management Service,All Client Types,3
Campbell Page,https://campbellpage.com.au,DES-Disability Management Service,All Client Types,2
Campbell Page,https://campbellpage.com.au,DES-Disability Management Service,All Client Types,3
Campbell Page,https://campbellpage.com.au,DES-Disability Management Service,All Client Types,3
Campbell Page,https://campbellpage.com.au,DES-Disability Management Service,All Client Types,3
CVGT Australia Ltd,https://www.cvgt.com.au/,DES-Disability Management Service,All Client Types,3
CVGT Australia Ltd,https://www.cvgt.com.au/,DES-Disability Management Service,All Client Types,3
CVGT Australia Ltd,https://www.cvgt.com.au/,DES-Disability Management Service,All Client Types,3
ECHO Australia Inc,https://www.echoaustralia.com,DES-Disability Management Service,All Client Types,4
ECHO Australia Inc,https://www.echoaustralia.com,DES-Disability Management Service,All Client Types,3
ECHO Australia Inc,https://www.echoaustralia.com,DES-Disability Management Service,All Client Types,4
MatchWorks,https://www.matchworks.com.au/,DES-Disability Management Service,All Client Types,2
MatchWorks,https://www.matchworks.com.au/,DES-Disability Management Service,All Client Types,3
MatchWorks,https://www.matchworks.com.au/,DES-Disability Management Service,All Client Types,5
MatchWorks,https://www.matchworks.com.au/,DES-Disability Management Service,All Client Types,3
OCTEC,https://octec.org.au/,DES-Disability Management Service,All Client Types,5
Sarina Russo Job Access,https://www.sarinarusso.com/,DES-Disability Management Service,All Client Types,5
Sarina Russo Job Access,https://www.sarinarusso.com/,DES-Disability Management Service,All Client Types,5
Sarina Russo Job Access,https://www.sarinarusso.com/,DES-Disability Management Service,All Client Types,3
Sarina Russo Job Access,https://www.sarinarusso.com/,DES-Disability Management Service,All Client Types,5
Sarina Russo Job Access,https://www.sarinarusso.com/,DES-Disability Management Service,All Client Types,5
Sarina Russo Job Access,https://www.sarinarusso.com/,DES-Disability Management Service,Psychiatric Disability,2
Sarina Russo Job Access,https://www.sarinarusso.com/,DES-Disability Management Service,Psychiatric Disability,5
Sarina Russo Job Access,https://www.sarinarusso.com/,DES-Disability Management Service,Psychiatric Disability,5
Sarina Russo Job Access,https://www.sarinarusso.com/,DES-Disability Management Service,Psychiatric Disability,4
Sarina Russo Job Access,https://www.sarinarusso.com/,DES-Disability Management Service,Psychiatric Disability,4
The Salvation Army Employment Plus,https://www.employmentplus.com.au/,DES-Disability Management Service,All Client Types,1
The Salvation Army Employment Plus,https://www.employmentplus.com.au/,DES-Disability Management Service,All Client Types,2
The Salvation Army Employment Plus,https://www.employmentplus.com.au/,DES-Disability Management Service,All Client Types,3
The Salvation Army Employment Plus,https://www.employmentplus.com.au/,DES-Disability Management Service,All Client Types,2
WISE Employment Ltd,https://wiseemployment.com.au/,DES-Disability Management Service,All Client Types,4
WISE Employment Ltd,https://wiseemployment.com.au/,DES-Disability Management Service,All Client Types,3
WISE Employment Ltd,https://wiseemployment.com.au/,DES-Disability Management Service,All Client Types,3
APM Employment Services,https://apm.net.au,DES-Disability Management Service,All Client Types,3
APM Employment Services,https://apm.net.au,DES-Disability Management Service,All Client Types,3
APM Employment Services,https://apm.net.au,DES-Disability Management Service,All Client Types,4
Atwork Australia Pty Ltd,https://www.atwork.com/,DES-Disability Management Service,All Client Types,1
Atwork Australia Pty Ltd,https://www.atwork.com/,DES-Disability Management Service,All Client Types,3
Atwork Australia Pty Ltd,https://www.atwork.com/,DES-Disability Management Service,All Client Types,1
Campbell Page,https://campbellpage.com.au,DES-Disability Management Service,All Client Types,2
Campbell Page,https://campbellpage.com.au,DES-Disability Management Service,All Client Types,3
Campbell Page,https://campbellpage.com.au,DES-Disability Management Service,All Client Types,3
DVJS Employment Solutions,https://www.dvjs.com.au,DES-Disability Management Service,All Client Types,5
DVJS Employment Solutions,https://www.dvjs.com.au,DES-Disability Management Service,All Client Types,5
DVJS Employment Solutions,https://www.dvjs.com.au,DES-Disability Management Service,All Client Types,1
ECHO Australia Inc,https://www.echoaustralia.com,DES-Disability Management Service,All Client Types,2
ECHO Australia Inc,https://www.echoaustralia.com,DES-Disability Management Service,All Client Types,3
Jobfind,https://jobfind.com.au/,DES-Disability Management Service,All Client Types,3
Jobfind,https://jobfind.com.au/,DES-Disability Management Service,All Client Types,4
Jobfind,https://jobfind.com.au/,DES-Disability Management Service,All Client Types,3
MatchWorks,https://www.matchworks.com.au/,DES-Disability Management Service,All Client Types,3
MatchWorks,https://www.matchworks.com.au/,DES-Disability Management Service,All Client Types,4
MatchWorks,https://www.matchworks.com.au/,DES-Disability Management Service,All Client Types,3
MAX Employment,https://www.maxsolutions.com.au/,DES-Disability Management Service,All Client Types,3
MAX Employment,https://www.maxsolutions.com.au/,DES-Disability Management Service,All Client Types,5
MAX Employment,https://www.maxsolutions.com.au/,DES-Disability Management Service,Mental Health,2
MAX Employment,https://www.maxsolutions.com.au/,DES-Disability Management Service,Mental Health,5
OCTEC,https://octec.org.au/,DES-Disability Management Service,All Client Types,4
OCTEC,https://octec.org.au/,DES-Disability Management Service,All Client Types,5
OCTEC,https://octec.org.au/,DES-Disability Management Service,All Client Types,3
WISE Employment Ltd,https://wiseemployment.com.au/,DES-Disability Management Service,All Client Types,5
WISE Employment Ltd,https://wiseemployment.com.au/,DES-Disability Management Service,All Client Types,3
WISE Employment Ltd,https://wiseemployment.com.au/,DES-Disability Management Service,All Client Types,2
AimBig Employment,https://www.aimbigemployment.com.au,DES-Disability Management Service,Mental Health,5
AimBig Employment,https://www.aimbigemployment.com.au,DES-Disability Management Service,Physical (Musculoskeletal),Not available
APM Employment Services,https://apm.net.au,DES-Disability Management Service,All Client Types,4
APM Employment Services,https://apm.net.au,DES-Disability Management Service,All Client Types,5
APM Employment Services,https://apm.net.au,DES-Disability Management Service,All Client Types,5
APM Employment Services,https://apm.net.au,DES-Disability Management Service,All Client Types,3
Atwork Australia Pty Ltd,https://www.atwork.com/,DES-Disability Management Service,All Client Types,1
Atwork Australia Pty Ltd,https://www.atwork.com/,DES-Disability Management Service,All Client Types,2
Campbell Page,https://campbellpage.com.au,DES-Disability Management Service,All Client Types,3
Campbell Page,https://campbellpage.com.au,DES-Disability Management Service,All Client Types,2
Campbell Page,https://campbellpage.com.au,DES-Disability Management Service,All Client Types,2
CVGT Australia Ltd,https://www.cvgt.com.au/,DES-Disability Management Service,All Client Types,5
MatchWorks,https://www.matchworks.com.au/,DES-Disability Management Service,All Client Types,3
MatchWorks,https://www.matchworks.com.au/,DES-Disability Management Service,All Client Types,3
MatchWorks,https://www.matchworks.com.au/,DES-Disability Management Service,All Client Types,3
MatchWorks,https://www.matchworks.com.au/,DES-Disability Management Service,All Client Types,3
MAX Employment,https://www.maxsolutions.com.au/,DES-Disability Management Service,All Client Types,4
MAX Employment,https://www.maxsolutions.com.au/,DES-Disability Management Service,All Client Types,3
MAX Employment,https://www.maxsolutions.com.au/,DES-Disability Management Service,All Client Types,3
OCTEC,https://octec.org.au/,DES-Disability Management Service,All Client Types,3
Status Employment Services,https://www.status.net.au/,DES-Disability Management Service,Mental Health,2
WISE Employment Ltd,https://wiseemployment.com.au/,DES-Disability Management Service,All Client Types,3
WISE Employment Ltd,https://wiseemployment.com.au/,DES-Disability Management Service,All Client Types,3
AimBig Employment,https://www.aimbigemployment.com.au,DES-Disability Management Service,Mental Health,5
AimBig Employment,https://www.aimbigemployment.com.au,DES-Disability Management Service,Mental Health,5
AimBig Employment,https://www.aimbigemployment.com.au,DES-Disability Management Service,Physical (Musculoskeletal),2
AimBig Employment,https://www.aimbigemployment.com.au,DES-Disability Management Service,Physical (Musculoskeletal),2
APM Employment Services,https://apm.net.au,DES-Disability Management Service,All Client Types,3
APM Employment Services,https://apm.net.au,DES-Disability Management Service,All Client Types,3
APM Employment Services,https://apm.net.au,DES-Disability Management Service,All Client Types,2
APM Employment Services,https://apm.net.au,DES-Disability Management Service,All Client Types,3
APM Employment Services,https://apm.net.au,DES-Disability Management Service,All Client Types,2
Atwork Australia Pty Ltd,https://www.atwork.com/,DES-Disability Management Service,All Client Types,2
Atwork Australia Pty Ltd,https://www.atwork.com/,DES-Disability Management Service,All Client Types,3
Atwork Australia Pty Ltd,https://www.atwork.com/,DES-Disability Management Service,All Client Types,1
Atwork Australia Pty Ltd,https://www.atwork.com/,DES-Disability Management Service,All Client Types,2
Atwork Australia Pty Ltd,https://www.atwork.com/,DES-Disability Management Service,Mental Health,5
Atwork Australia Pty Ltd,https://www.atwork.com/,DES-Disability Management Service,Mental Health,2
Campbell Page,https://campbellpage.com.au,DES-Disability Management Service,All Client Types,2
Campbell Page,https://campbellpage.com.au,DES-Disability Management Service,All Client Types,3
Campbell Page,https://campbellpage.com.au,DES-Disability Management Service,All Client Types,1
Campbell Page,https://campbellpage.com.au,DES-Disability Management Service,All Client Types,2
Campbell Page,https://campbellpage.com.au,DES-Disability Management Service,All Client Types,5
CVGT Australia Ltd,https://www.cvgt.com.au/,DES-Disability Management Service,All Client Types,3
CVGT Australia Ltd,https://www.cvgt.com.au/,DES-Disability Management Service,All Client Types,3
CVGT Australia Ltd,https://www.cvgt.com.au/,DES-Disability Management Service,All Client Types,5
Expression Employment,https://employment.expression.com.au/,DES-Disability Management Service,Hearing impaired and deaf job seekers,3
Joblife Employment,https://joblifeemployment.com.au/,DES-Disability Management Service,All Client Types,1
MatchWorks,https://www.matchworks.com.au/,DES-Disability Management Service,All Client Types,4
MatchWorks,https://www.matchworks.com.au/,DES-Disability Management Service,All Client Types,4
MatchWorks,https://www.matchworks.com.au/,DES-Disability Management Service,All Client Types,5
MatchWorks,https://www.matchworks.com.au/,DES-Disability Management Service,All Client Types,2
MatchWorks,https://www.matchworks.com.au/,DES-Disability Management Service,Psychiatric Disability,3
MatchWorks,https://www.matchworks.com.au/,DES-Disability Management Service,Psychiatric Disability,1
MatchWorks,https://www.matchworks.com.au/,DES-Disability Management Service,Psychiatric Disability,5
MatchWorks,https://www.matchworks.com.au/,DES-Disability Management Service,Psychiatric Disability,3
MatchWorks,https://www.matchworks.com.au/,DES-Disability Management Service,Psychiatric Disability,3
MAX Employment,https://www.maxsolutions.com.au/,DES-Disability Management Service,All Client Types,3
OCTEC,https://octec.org.au/,DES-Disability Management Service,All Client Types,3
OCTEC,https://octec.org.au/,DES-Disability Management Service,All Client Types,4
Status Employment Services,https://www.status.net.au/,DES-Disability Management Service,All Client Types,2
WISE Employment Ltd,https://wiseemployment.com.au/,DES-Disability Management Service,All Client Types,1
WISE Employment Ltd,https://wiseemployment.com.au/,DES-Disability Management Service,All Client Types,2
WISE Employment Ltd,https://wiseemployment.com.au/,DES-Disability Management Service,All Client Types,3
WISE Employment Ltd,https://wiseemployment.com.au/,DES-Disability Management Service,All Client Types,4
APM Employment Services,https://apm.net.au,DES-Disability Management Service,All Client Types,3
APM Employment Services,https://apm.net.au,DES-Disability Management Service,All Client Types,3
APM Employment Services,https://apm.net.au,DES-Disability Management Service,All Client Types,3
APM Employment Services,https://apm.net.au,DES-Disability Management Service,All Client Types,3
APM Employment Services,https://apm.net.au,DES-Disability Management Service,All Client Types,5
APM Employment Services,https://apm.net.au,DES-Disability Management Service,All Client Types,5
APM Employment Services,https://apm.net.au,DES-Disability Management Service,All Client Types,4
APM Employment Services,https://apm.net.au,DES-Disability Management Service,Psychiatric Disability,4
APM Employment Services,https://apm.net.au,DES-Disability Management Service,Psychiatric Disability,3
APM Employment Services,https://apm.net.au,DES-Disability Management Service,Psychiatric Disability,4
APM Employment Services,https://apm.net.au,DES-Disability Management Service,Psychiatric Disability,3
Atwork Australia Pty Ltd,https://www.atwork.com/,DES-Disability Management Service,All Client Types,2
Atwork Australia Pty Ltd,https://www.atwork.com/,DES-Disability Management Service,All Client Types,2
Atwork Australia Pty Ltd,https://www.atwork.com/,DES-Disability Management Service,All Client Types,3
Atwork Australia Pty Ltd,https://www.atwork.com/,DES-Disability Management Service,All Client Types,1
Campbell Page,https://campbellpage.com.au,DES-Disability Management Service,All Client Types,3
Campbell Page,https://campbellpage.com.au,DES-Disability Management Service,All Client Types,4
Campbell Page,https://campbellpage.com.au,DES-Disability Management Service,Psychiatric Disability,2
Campbell Page,https://campbellpage.com.au,DES-Disability Management Service,Psychiatric Disability,4
CVGT Australia Ltd,https://www.cvgt.com.au/,DES-Disability Management Service,All Client Types,5
CVGT Australia Ltd,https://www.cvgt.com.au/,DES-Disability Management Service,All Client Types,5
CVGT Australia Ltd,https://www.cvgt.com.au/,DES-Disability Management Service,All Client Types,5
MatchWorks,https://www.matchworks.com.au/,DES-Disability Management Service,All Client Types,3
MatchWorks,https://www.matchworks.com.au/,DES-Disability Management Service,All Client Types,3
MatchWorks,https://www.matchworks.com.au/,DES-Disability Management Service,All Client Types,3
MatchWorks,https://www.matchworks.com.au/,DES-Disability Management Service,All Client Types,3
MatchWorks,https://www.matchworks.com.au/,DES-Disability Management Service,All Client Types,4
MatchWorks,https://www.matchworks.com.au/,DES-Disability Management Service,All Client Types,5
MAX Employment,https://www.maxsolutions.com.au/,DES-Disability Management Service,All Client Types,3
MAX Employment,https://www.maxsolutions.com.au/,DES-Disability Management Service,All Client Types,3
MAX Employment,https://www.maxsolutions.com.au/,DES-Disability Management Service,All Client Types,4
MAX Employment,https://www.maxsolutions.com.au/,DES-Disability Management Service,All Client Types,2
MAX Employment,https://www.maxsolutions.com.au/,DES-Disability Management Service,All Client Types,3
MAX Employment,https://www.maxsolutions.com.au/,DES-Disability Management Service,All Client Types,3
OCTEC,https://octec.org.au/,DES-Disability Management Service,All Client Types,4
OCTEC,https://octec.org.au/,DES-Disability Management Service,All Client Types,3
OCTEC,https://octec.org.au/,DES-Disability Management Service,All Client Types,2
OCTEC,https://octec.org.au/,DES-Disability Management Service,All Client Types,2
OCTEC,https://octec.org.au/,DES-Disability Management Service,All Client Types,3
OCTEC,https://octec.org.au/,DES-Disability Management Service,All Client Types,4
OCTEC,https://octec.org.au/,DES-Disability Management Service,All Client Types,4
Status Employment Services,https://www.status.net.au/,DES-Disability Management Service,Mental Health,1
APM Employment Services,https://apm.net.au,DES-Disability Management Service,All Client Types,3
APM Employment Services,https://apm.net.au,DES-Disability Management Service,All Client Types,3
APM Employment Services,https://apm.net.au,DES-Disability Management Service,All Client Types,1
Atwork Australia Pty Ltd,https://www.atwork.com/,DES-Disability Management Service,All Client Types,New Site
Atwork Australia Pty Ltd,https://www.atwork.com/,DES-Disability Management Service,All Client Types,2
Atwork Australia Pty Ltd,https://www.atwork.com/,DES-Disability Management Service,All Client Types,3
Atwork Australia Pty Ltd,https://www.atwork.com/,DES-Disability Management Service,Mental Health,3
Atwork Australia Pty Ltd,https://www.atwork.com/,DES-Disability Management Service,Mental Health,1
Atwork Australia Pty Ltd,https://www.atwork.com/,DES-Disability Management Service,Mental Health,2
Jobfind,https://jobfind.com.au/,DES-Disability Management Service,All Client Types,2
Jobfind,https://jobfind.com.au/,DES-Disability Management Service,All Client Types,1
MatchWorks,https://www.matchworks.com.au/,DES-Disability Management Service,All Client Types,3
MatchWorks,https://www.matchworks.com.au/,DES-Disability Management Service,All Client Types,3
MatchWorks,https://www.matchworks.com.au/,DES-Disability Management Service,All Client Types,3
MAX Employment,https://www.maxsolutions.com.au/,DES-Disability Management Service,All Client Types,2
MAX Employment,https://www.maxsolutions.com.au/,DES-Disability Management Service,All Client Types,5
MAX Employment,https://www.maxsolutions.com.au/,DES-Disability Management Service,Mental Health,1
MAX Employment,https://www.maxsolutions.com.au/,DES-Disability Management Service,Mental Health,5
Access Australia Group,https://aag.org.au/,DES-Disability Management Service,All Client Types,3
AimBig Employment,https://www.aimbigemployment.com.au,DES-Disability Management Service,All Client Types,Not available
APM Employment Services,https://apm.net.au,DES-Disability Management Service,All Client Types,3
APM Employment Services,https://apm.net.au,DES-Disability Management Service,All Client Types,3
APM Employment Services,https://apm.net.au,DES-Disability Management Service,All Client Types,3
APM Employment Services,https://apm.net.au,DES-Disability Management Service,All Client Types,3
APM Employment Services,https://apm.net.au,DES-Disability Management Service,All Client Types,New Site
Atwork Australia Pty Ltd,https://www.atwork.com/,DES-Disability Management Service,All Client Types,2
Axis Employment,https://www.caei.com.au,DES-Disability Management Service,All Client Types,3
Axis Employment,https://www.caei.com.au,DES-Disability Management Service,All Client Types,3
CVGT Australia Ltd,https://www.cvgt.com.au/,DES-Disability Management Service,All Client Types,3
CVGT Australia Ltd,https://www.cvgt.com.au/,DES-Disability Management Service,All Client Types,2
PeoplePlus,https://www.peopleplusaustralia.com.au/,DES-Disability Management Service,All Client Types,3
PeoplePlus,https://www.peopleplusaustralia.com.au/,DES-Disability Management Service,All Client Types,2
PeoplePlus,https://www.peopleplusaustralia.com.au/,DES-Disability Management Service,All Client Types,2
The Personnel Group Ltd,https://personnelgroup.com.au/,DES-Disability Management Service,All Client Types,4
WDEA Works,https://www.wdeaworks.org.au/,DES-Disability Management Service,All Client Types,2
WDEA Works,https://www.wdeaworks.org.au/,DES-Disability Management Service,All Client Types,3
WDEA Works,https://www.wdeaworks.org.au/,DES-Disability Management Service,All Client Types,2
AimBig Employment,https://www.aimbigemployment.com.au,DES-Disability Management Service,Mental Health,Not available
AimBig Employment,https://www.aimbigemployment.com.au,DES-Disability Management Service,Physical (Musculoskeletal),Not available
APM Employment Services,https://apm.net.au,DES-Disability Management Service,All Client Types,3
APM Employment Services,https://apm.net.au,DES-Disability Management Service,All Client Types,3
APM Employment Services,https://apm.net.au,DES-Disability Management Service,All Client Types,3
APM Employment Services,https://apm.net.au,DES-Disability Management Service,All Client Types,3
APM Employment Services,https://apm.net.au,DES-Disability Management Service,Mental Health,4
APM Employment Services,https://apm.net.au,DES-Disability Management Service,Mental Health,4
APM Employment Services,https://apm.net.au,DES-Disability Management Service,Mental Health,New Site
APM Employment Services,https://apm.net.au,DES-Disability Management Service,Mental Health,4
Atwork Australia Pty Ltd,https://www.atwork.com/,DES-Disability Management Service,All Client Types,3
Axis Employment,https://www.caei.com.au,DES-Disability Management Service,All Client Types,5
CVGT Australia Ltd,https://www.cvgt.com.au/,DES-Disability Management Service,All Client Types,2
CVGT Australia Ltd,https://www.cvgt.com.au/,DES-Disability Management Service,All Client Types,3
MatchWorks,https://www.matchworks.com.au/,DES-Disability Management Service,All Client Types,2
PeoplePlus,https://www.peopleplusaustralia.com.au/,DES-Disability Management Service,All Client Types,1
WDEA Works,https://www.wdeaworks.org.au/,DES-Disability Management Service,All Client Types,3
WDEA Works,https://www.wdeaworks.org.au/,DES-Disability Management Service,All Client Types,2
WDEA Works,https://www.wdeaworks.org.au/,DES-Disability Management Service,All Client Types,3
AimBig Employment,https://www.aimbigemployment.com.au,DES-Disability Management Service,All Client Types,Not available
APM Employment Services,https://apm.net.au,DES-Disability Management Service,All Client Types,3
APM Employment Services,https://apm.net.au,DES-Disability Management Service,All Client Types,3
APM Employment Services,https://apm.net.au,DES-Disability Management Service,All Client Types,5
APM Employment Services,https://apm.net.au,DES-Disability Management Service,All Client Types,3
APM Employment Services,https://apm.net.au,DES-Disability Management Service,Mental Health,2
APM Employment Services,https://apm.net.au,DES-Disability Management Service,Mental Health,2
Atwork Australia Pty Ltd,https://www.atwork.com/,DES-Disability Management Service,All Client Types,2
Atwork Australia Pty Ltd,https://www.atwork.com/,DES-Disability Management Service,All Client Types,3
Campbell Page,https://campbellpage.com.au,DES-Disability Management Service,All Client Types,2
Campbell Page,https://campbellpage.com.au,DES-Disability Management Service,All Client Types,1
Campbell Page,https://campbellpage.com.au,DES-Disability Management Service,All Client Types,1
Campbell Page,https://campbellpage.com.au,DES-Disability Management Service,All Client Types,1
MatchWorks,https://www.matchworks.com.au/,DES-Disability Management Service,All Client Types,3
MatchWorks,https://www.matchworks.com.au/,DES-Disability Management Service,All Client Types,2
MatchWorks,https://www.matchworks.com.au/,DES-Disability Management Service,All Client Types,3
MatchWorks,https://www.matchworks.com.au/,DES-Disability Management Service,All Client Types,3
MatchWorks,https://www.matchworks.com.au/,DES-Disability Management Service,All Client Types,2
MatchWorks,https://www.matchworks.com.au/,DES-Disability Management Service,All Client Types,2
MatchWorks,https://www.matchworks.com.au/,DES-Disability Management Service,All Client Types,2
MAX Employment,https://www.maxsolutions.com.au/,DES-Disability Management Service,All Client Types,4
OCTEC,https://octec.org.au/,DES-Disability Management Service,All Client Types,2
OCTEC,https://octec.org.au/,DES-Disability Management Service,All Client Types,2
WDEA Works,https://www.wdeaworks.org.au/,DES-Disability Management Service,All Client Types,3
WDEA Works,https://www.wdeaworks.org.au/,DES-Disability Management Service,All Client Types,3
WISE Employment Ltd,https://wiseemployment.com.au/,DES-Disability Management Service,All Client Types,3
WISE Employment Ltd,https://wiseemployment.com.au/,DES-Disability Management Service,All Client Types,4
WISE Employment Ltd,https://wiseemployment.com.au/,DES-Disability Management Service,All Client Types,3
Sureway Employment and Training Pty Ltd,https://www.sureway.com.au/,DES-Disability Management Service,All Client Types,5
WDEA Works,https://www.wdeaworks.org.au/,DES-Disability Management Service,All Client Types,3
WDEA Works,https://www.wdeaworks.org.au/,DES-Disability Management Service,All Client Types,4
APM Employment Services,https://apm.net.au,DES-Disability Management Service,All Client Types,5
APM Employment Services,https://apm.net.au,DES-Disability Management Service,All Client Types,4
Axis Employment,https://www.caei.com.au,DES-Disability Management Service,All Client Types,5
OCTEC,https://octec.org.au/,DES-Disability Management Service,All Client Types,5
OCTEC,https://octec.org.au/,DES-Disability Management Service,All Client Types,2
WDEA Works,https://www.wdeaworks.org.au/,DES-Disability Management Service,All Client Types,4
WDEA Works,https://www.wdeaworks.org.au/,DES-Disability Management Service,All Client Types,4
WDEA Works,https://www.wdeaworks.org.au/,DES-Disability Management Service,All Client Types,4
Axis Employment,https://www.caei.com.au,DES-Disability Management Service,All Client Types,4
Axis Employment,https://www.caei.com.au,DES-Disability Management Service,All Client Types,4
WDEA Works,https://www.wdeaworks.org.au/,DES-Disability Management Service,All Client Types,3
MAX Employment,https://www.maxsolutions.com.au/,DES-Disability Management Service,All Client Types,3
OCTEC,https://octec.org.au/,DES-Disability Management Service,All Client Types,2
WDEA Works,https://www.wdeaworks.org.au/,DES-Disability Management Service,All Client Types,4
Axis Employment,https://www.caei.com.au,DES-Disability Management Service,All Client Types,5
MatchWorks,https://www.matchworks.com.au/,DES-Disability Management Service,All Client Types,1
MatchWorks,https://www.matchworks.com.au/,DES-Disability Management Service,All Client Types,1
OCTEC,https://octec.org.au/,DES-Disability Management Service,All Client Types,Not available
WDEA Works,https://www.wdeaworks.org.au/,DES-Disability Management Service,All Client Types,3
WDEA Works,https://www.wdeaworks.org.au/,DES-Disability Management Service,All Client Types,4
APM Employment Services,https://apm.net.au,DES-Disability Management Service,All Client Types,4
APM Employment Services,https://apm.net.au,DES-Disability Management Service,All Client Types,5
APM Employment Services,https://apm.net.au,DES-Disability Management Service,All Client Types,2
APM Employment Services,https://apm.net.au,DES-Disability Management Service,All Client Types,3
APM Employment Services,https://apm.net.au,DES-Disability Management Service,All Client Types,1
APM Employment Services,https://apm.net.au,DES-Disability Management Service,All Client Types,3
APM Employment Services,https://apm.net.au,DES-Disability Management Service,All Client Types,3
APM Employment Services,https://apm.net.au,DES-Disability Management Service,All Client Types,3
APM Employment Services,https://apm.net.au,DES-Disability Management Service,Mental Health,5
APM Employment Services,https://apm.net.au,DES-Disability Management Service,Mental Health,5
APM Employment Services,https://apm.net.au,DES-Disability Management Service,Mental Health,5
APM Employment Services,https://apm.net.au,DES-Disability Management Service,Mental Health,5
APM Employment Services,https://apm.net.au,DES-Disability Management Service,Mental Health,5
APM Employment Services,https://apm.net.au,DES-Disability Management Service,Mental Health,5
APM Employment Services,https://apm.net.au,DES-Disability Management Service,Mental Health,5
APM Employment Services,https://apm.net.au,DES-Disability Management Service,Mental Health,5
CoAct,https://coact.org.au/,DES-Disability Management Service,All Client Types,1
CoAct,https://coact.org.au/,DES-Disability Management Service,All Client Types,1
CoAct,https://coact.org.au/,DES-Disability Management Service,All Client Types,1
CoAct,https://coact.org.au/,DES-Disability Management Service,All Client Types,1
CoAct,https://coact.org.au/,DES-Disability Management Service,All Client Types,1
Sureway Employment and Training Pty Ltd,https://www.sureway.com.au/,DES-Disability Management Service,All Client Types,3
Sureway Employment and Training Pty Ltd,https://www.sureway.com.au/,DES-Disability Management Service,All Client Types,2
Sureway Employment and Training Pty Ltd,https://www.sureway.com.au/,DES-Disability Management Service,All Client Types,3
Sureway Employment and Training Pty Ltd,https://www.sureway.com.au/,DES-Disability Management Service,All Client Types,3
The Maxima Group Inc,https://maxima.com.au/,DES-Disability Management Service,All Client Types,4
The Maxima Group Inc,https://maxima.com.au/,DES-Disability Management Service,All Client Types,2
APM Employment Services,https://apm.net.au,DES-Disability Management Service,All Client Types,3
APM Employment Services,https://apm.net.au,DES-Disability Management Service,All Client Types,3
Atwork Australia Pty Ltd,https://www.atwork.com/,DES-Disability Management Service,All Client Types,1
CoAct,https://coact.org.au/,DES-Disability Management Service,All Client Types,3
CoAct,https://coact.org.au/,DES-Disability Management Service,All Client Types,3
CoAct,https://coact.org.au/,DES-Disability Management Service,All Client Types,3
CoAct,https://coact.org.au/,DES-Disability Management Service,All Client Types,3
CVGT Australia Ltd,https://www.cvgt.com.au/,DES-Disability Management Service,All Client Types,5
CVGT Australia Ltd,https://www.cvgt.com.au/,DES-Disability Management Service,All Client Types,2
CVGT Australia Ltd,https://www.cvgt.com.au/,DES-Disability Management Service,All Client Types,2
OCTEC,https://octec.org.au/,DES-Disability Management Service,All Client Types,5
Sureway Employment and Training Pty Ltd,https://www.sureway.com.au/,DES-Disability Management Service,All Client Types,5
Sureway Employment and Training Pty Ltd,https://www.sureway.com.au/,DES-Disability Management Service,All Client Types,3
Sureway Employment and Training Pty Ltd,https://www.sureway.com.au/,DES-Disability Management Service,All Client Types,2
Sureway Employment and Training Pty Ltd,https://www.sureway.com.au/,DES-Disability Management Service,All Client Types,2
The Personnel Group Ltd,https://personnelgroup.com.au/,DES-Disability Management Service,All Client Types,5
The Personnel Group Ltd,https://personnelgroup.com.au/,DES-Disability Management Service,All Client Types,3
The Personnel Group Ltd,https://personnelgroup.com.au/,DES-Disability Management Service,All Client Types,2
The Personnel Group Ltd,https://personnelgroup.com.au/,DES-Disability Management Service,All Client Types,3
WDEA Works,https://www.wdeaworks.org.au/,DES-Disability Management Service,All Client Types,2
APM Employment Services,https://apm.net.au,DES-Disability Management Service,All Client Types,5
APM Employment Services,https://apm.net.au,DES-Disability Management Service,All Client Types,5
APM Employment Services,https://apm.net.au,DES-Disability Management Service,All Client Types,5
APM Employment Services,https://apm.net.au,DES-Disability Management Service,All Client Types,5
APM Employment Services,https://apm.net.au,DES-Disability Management Service,All Client Types,5
APM Employment Services,https://apm.net.au,DES-Disability Management Service,All Client Types,5
APM Employment Services,https://apm.net.au,DES-Disability Management Service,All Client Types,5
CoAct,https://coact.org.au/,DES-Disability Management Service,All Client Types,3
CVGT Australia Ltd,https://www.cvgt.com.au/,DES-Disability Management Service,All Client Types,2
OCTEC,https://octec.org.au/,DES-Disability Management Service,All Client Types,3
Sureway Employment and Training Pty Ltd,https://www.sureway.com.au/,DES-Disability Management Service,All Client Types,3
Sureway Employment and Training Pty Ltd,https://www.sureway.com.au/,DES-Disability Management Service,All Client Types,4
The Personnel Group Ltd,https://personnelgroup.com.au/,DES-Disability Management Service,All Client Types,3
The Personnel Group Ltd,https://personnelgroup.com.au/,DES-Disability Management Service,All Client Types,3
APM Employment Services,https://apm.net.au,DES-Disability Management Service,All Client Types,3
APM Employment Services,https://apm.net.au,DES-Disability Management Service,All Client Types,4
APM Employment Services,https://apm.net.au,DES-Disability Management Service,All Client Types,3
APM Employment Services,https://apm.net.au,DES-Disability Management Service,All Client Types,3
APM Employment Services,https://apm.net.au,DES-Disability Management Service,All Client Types,3
APM Employment Services,https://apm.net.au,DES-Disability Management Service,All Client Types,3
APM Employment Services,https://apm.net.au,DES-Disability Management Service,All Client Types,3
APM Employment Services,https://apm.net.au,DES-Disability Management Service,All Client Types,3
APM Employment Services,https://apm.net.au,DES-Disability Management Service,All Client Types,3
APM Employment Services,https://apm.net.au,DES-Disability Management Service,All Client Types,3
APM Employment Services,https://apm.net.au,DES-Disability Management Service,All Client Types,3
Atwork Australia Pty Ltd,https://www.atwork.com/,DES-Disability Management Service,All Client Types,2
Atwork Australia Pty Ltd,https://www.atwork.com/,DES-Disability Management Service,All Client Types,New Site
Atwork Australia Pty Ltd,https://www.atwork.com/,DES-Disability Management Service,All Client Types,New Site
Atwork Australia Pty Ltd,https://www.atwork.com/,DES-Disability Management Service,All Client Types,2
Atwork Australia Pty Ltd,https://www.atwork.com/,DES-Disability Management Service,All Client Types,2
Atwork Australia Pty Ltd,https://www.atwork.com/,DES-Disability Management Service,All Client Types,New Site
MAX Employment,https://www.maxsolutions.com.au/,DES-Disability Management Service,All Client Types,5
MAX Employment,https://www.maxsolutions.com.au/,DES-Disability Management Service,All Client Types,5
MAX Employment,https://www.maxsolutions.com.au/,DES-Disability Management Service,All Client Types,4
MAX Employment,https://www.maxsolutions.com.au/,DES-Disability Management Service,All Client Types,3
MAX Employment,https://www.maxsolutions.com.au/,DES-Disability Management Service,All Client Types,5
MAX Employment,https://www.maxsolutions.com.au/,DES-Disability Management Service,All Client Types,5
MAX Employment,https://www.maxsolutions.com.au/,DES-Disability Management Service,Mental Health,3
MAX Employment,https://www.maxsolutions.com.au/,DES-Disability Management Service,Mental Health,3
Sureway Employment and Training Pty Ltd,https://www.sureway.com.au/,DES-Disability Management Service,All Client Types,3
Sureway Employment and Training Pty Ltd,https://www.sureway.com.au/,DES-Disability Management Service,All Client Types,3
Sureway Employment and Training Pty Ltd,https://www.sureway.com.au/,DES-Disability Management Service,All Client Types,3
Sureway Employment and Training Pty Ltd,https://www.sureway.com.au/,DES-Disability Management Service,All Client Types,3
Sureway Employment and Training Pty Ltd,https://www.sureway.com.au/,DES-Disability Management Service,All Client Types,3
Sureway Employment and Training Pty Ltd,https://www.sureway.com.au/,DES-Disability Management Service,All Client Types,3
The Maxima Group Inc,https://maxima.com.au/,DES-Disability Management Service,All Client Types,2
The Maxima Group Inc,https://maxima.com.au/,DES-Disability Management Service,All Client Types,2
The Maxima Group Inc,https://maxima.com.au/,DES-Disability Management Service,All Client Types,3
WISE Employment Ltd,https://wiseemployment.com.au/,DES-Disability Management Service,All Client Types,5
WISE Employment Ltd,https://wiseemployment.com.au/,DES-Disability Management Service,All Client Types,2
WISE Employment Ltd,https://wiseemployment.com.au/,DES-Disability Management Service,All Client Types,5
APM Employment Services,https://apm.net.au,DES-Disability Management Service,All Client Types,3
APM Employment Services,https://apm.net.au,DES-Disability Management Service,All Client Types,4
APM Employment Services,https://apm.net.au,DES-Disability Management Service,All Client Types,3
APM Employment Services,https://apm.net.au,DES-Disability Management Service,All Client Types,2
APM Employment Services,https://apm.net.au,DES-Disability Management Service,All Client Types,3
APM Employment Services,https://apm.net.au,DES-Disability Management Service,All Client Types,5
APM Employment Services,https://apm.net.au,DES-Disability Management Service,All Client Types,3
CoAct,https://coact.org.au/,DES-Disability Management Service,All Client Types,New Site
CoAct,https://coact.org.au/,DES-Disability Management Service,All Client Types,Not available
CVGT Australia Ltd,https://www.cvgt.com.au/,DES-Disability Management Service,All Client Types,1
CVGT Australia Ltd,https://www.cvgt.com.au/,DES-Disability Management Service,All Client Types,2
CVGT Australia Ltd,https://www.cvgt.com.au/,DES-Disability Management Service,All Client Types,2
CVGT Australia Ltd,https://www.cvgt.com.au/,DES-Disability Management Service,All Client Types,2
Sureway Employment and Training Pty Ltd,https://www.sureway.com.au/,DES-Disability Management Service,All Client Types,3
Sureway Employment and Training Pty Ltd,https://www.sureway.com.au/,DES-Disability Management Service,All Client Types,3
Sureway Employment and Training Pty Ltd,https://www.sureway.com.au/,DES-Disability Management Service,All Client Types,3
Sureway Employment and Training Pty Ltd,https://www.sureway.com.au/,DES-Disability Management Service,All Client Types,3
The Personnel Group Ltd,https://personnelgroup.com.au/,DES-Disability Management Service,All Client Types,2
The Personnel Group Ltd,https://personnelgroup.com.au/,DES-Disability Management Service,All Client Types,3
The Personnel Group Ltd,https://personnelgroup.com.au/,DES-Disability Management Service,All Client Types,3
APM Employment Services,https://apm.net.au,DES-Employment Support Service,All Client Types,1
APM Employment Services,https://apm.net.au,DES-Employment Support Service,All Client Types,2
APM Employment Services,https://apm.net.au,DES-Employment Support Service,All Client Types,5
APM Employment Services,https://apm.net.au,DES-Employment Support Service,All Client Types,3
APM Employment Services,https://apm.net.au,DES-Employment Support Service,All Client Types,3
APM Employment Services,https://apm.net.au,DES-Employment Support Service,All Client Types,3
APM Employment Services,https://apm.net.au,DES-Employment Support Service,All Client Types,3
Atwork Australia Pty Ltd,https://www.atwork.com/,DES-Employment Support Service,All Client Types,1
Atwork Australia Pty Ltd,https://www.atwork.com/,DES-Employment Support Service,All Client Types,New Site
Atwork Australia Pty Ltd,https://www.atwork.com/,DES-Employment Support Service,All Client Types,New Site
Atwork Australia Pty Ltd,https://www.atwork.com/,DES-Employment Support Service,All Client Types,1
Atwork Australia Pty Ltd,https://www.atwork.com/,DES-Employment Support Service,All Client Types,New Site
Atwork Australia Pty Ltd,https://www.atwork.com/,DES-Employment Support Service,All Client Types,New Site
Atwork Australia Pty Ltd,https://www.atwork.com/,DES-Employment Support Service,All Client Types,New Site
Campbell Page,https://campbellpage.com.au,DES-Employment Support Service,All Client Types,4
Campbell Page,https://campbellpage.com.au,DES-Employment Support Service,All Client Types,2
Campbell Page,https://campbellpage.com.au,DES-Employment Support Service,All Client Types,1
CVGT Australia Ltd,https://www.cvgt.com.au/,DES-Employment Support Service,All Client Types,2
CVGT Australia Ltd,https://www.cvgt.com.au/,DES-Employment Support Service,All Client Types,5
CVGT Australia Ltd,https://www.cvgt.com.au/,DES-Employment Support Service,All Client Types,3
DVJS Employment Solutions,https://www.dvjs.com.au,DES-Employment Support Service,All Client Types,5
DVJS Employment Solutions,https://www.dvjs.com.au,DES-Employment Support Service,All Client Types,5
DVJS Employment Solutions,https://www.dvjs.com.au,DES-Employment Support Service,All Client Types,4
DVJS Employment Solutions,https://www.dvjs.com.au,DES-Employment Support Service,All Client Types,4
ECHO Australia Inc,https://www.echoaustralia.com,DES-Employment Support Service,All Client Types,3
ECHO Australia Inc,https://www.echoaustralia.com,DES-Employment Support Service,All Client Types,5
ECHO Australia Inc,https://www.echoaustralia.com,DES-Employment Support Service,All Client Types,2
Jobfind,https://jobfind.com.au/,DES-Employment Support Service,All Client Types,4
Jobfind,https://jobfind.com.au/,DES-Employment Support Service,All Client Types,3
Jobfind,https://jobfind.com.au/,DES-Employment Support Service,All Client Types,2
Jobfind,https://jobfind.com.au/,DES-Employment Support Service,All Client Types,2
Jobfind,https://jobfind.com.au/,DES-Employment Support Service,All Client Types,3
Jobfind,https://jobfind.com.au/,DES-Employment Support Service,All Client Types,2
Joblife Employment,https://joblifeemployment.com.au/,DES-Employment Support Service,All Client Types,1
Joblife Employment,https://joblifeemployment.com.au/,DES-Employment Support Service,All Client Types,1
MatchWorks,https://www.matchworks.com.au/,DES-Employment Support Service,All Client Types,5
MatchWorks,https://www.matchworks.com.au/,DES-Employment Support Service,All Client Types,2
MAX Employment,https://www.maxsolutions.com.au/,DES-Employment Support Service,All Client Types,3
MAX Employment,https://www.maxsolutions.com.au/,DES-Employment Support Service,All Client Types,3
MAX Employment,https://www.maxsolutions.com.au/,DES-Employment Support Service,All Client Types,4
MAX Employment,https://www.maxsolutions.com.au/,DES-Employment Support Service,All Client Types,3
MAX Employment,https://www.maxsolutions.com.au/,DES-Employment Support Service,All Client Types,5
MAX Employment,https://www.maxsolutions.com.au/,DES-Employment Support Service,All Client Types,2
OCTEC,https://octec.org.au/,DES-Employment Support Service,All Client Types,4
OCTEC,https://octec.org.au/,DES-Employment Support Service,All Client Types,3
OCTEC,https://octec.org.au/,DES-Employment Support Service,All Client Types,3
OCTEC,https://octec.org.au/,DES-Employment Support Service,All Client Types,3
OCTEC,https://octec.org.au/,DES-Employment Support Service,All Client Types,3
OCTEC,https://octec.org.au/,DES-Employment Support Service,All Client Types,3
WISE Employment Ltd,https://wiseemployment.com.au/,DES-Employment Support Service,All Client Types,3
WISE Employment Ltd,https://wiseemployment.com.au/,DES-Employment Support Service,All Client Types,2
AimBig Employment,https://www.aimbigemployment.com.au,DES-Employment Support Service,All Client Types,5
AimBig Employment,https://www.aimbigemployment.com.au,DES-Employment Support Service,All Client Types,5
APM Employment Services,https://apm.net.au,DES-Employment Support Service,All Client Types,2
APM Employment Services,https://apm.net.au,DES-Employment Support Service,All Client Types,3
APM Employment Services,https://apm.net.au,DES-Employment Support Service,All Client Types,2
APM Employment Services,https://apm.net.au,DES-Employment Support Service,All Client Types,1
APM Employment Services,https://apm.net.au,DES-Employment Support Service,All Client Types,3
Atwork Australia Pty Ltd,https://www.atwork.com/,DES-Employment Support Service,All Client Types,5
Atwork Australia Pty Ltd,https://www.atwork.com/,DES-Employment Support Service,All Client Types,3
Atwork Australia Pty Ltd,https://www.atwork.com/,DES-Employment Support Service,All Client Types,3
Atwork Australia Pty Ltd,https://www.atwork.com/,DES-Employment Support Service,All Client Types,3
Atwork Australia Pty Ltd,https://www.atwork.com/,DES-Employment Support Service,All Client Types,New Site
Atwork Australia Pty Ltd,https://www.atwork.com/,DES-Employment Support Service,All Client Types,3
Atwork Australia Pty Ltd,https://www.atwork.com/,DES-Employment Support Service,Mental Health,1
Atwork Australia Pty Ltd,https://www.atwork.com/,DES-Employment Support Service,Mental Health,4
Atwork Australia Pty Ltd,https://www.atwork.com/,DES-Employment Support Service,Mental Health,2
Atwork Australia Pty Ltd,https://www.atwork.com/,DES-Employment Support Service,Mental Health,2
Campbell Page,https://campbellpage.com.au,DES-Employment Support Service,All Client Types,3
Campbell Page,https://campbellpage.com.au,DES-Employment Support Service,All Client Types,1
Campbell Page,https://campbellpage.com.au,DES-Employment Support Service,All Client Types,3
Campbell Page,https://campbellpage.com.au,DES-Employment Support Service,All Client Types,5
Campbell Page,https://campbellpage.com.au,DES-Employment Support Service,All Client Types,3
CoAct,https://coact.org.au/,DES-Employment Support Service,All Client Types,5
CoAct,https://coact.org.au/,DES-Employment Support Service,All Client Types,3
CoAct,https://coact.org.au/,DES-Employment Support Service,All Client Types,3
CoAct,https://coact.org.au/,DES-Employment Support Service,Youth at Risk,3
CoAct,https://coact.org.au/,DES-Employment Support Service,Youth at Risk,3
CoAct,https://coact.org.au/,DES-Employment Support Service,Youth at Risk,3
CVGT Australia Ltd,https://www.cvgt.com.au/,DES-Employment Support Service,All Client Types,3
CVGT Australia Ltd,https://www.cvgt.com.au/,DES-Employment Support Service,All Client Types,3
CVGT Australia Ltd,https://www.cvgt.com.au/,DES-Employment Support Service,All Client Types,5
CVGT Australia Ltd,https://www.cvgt.com.au/,DES-Employment Support Service,All Client Types,2
MatchWorks,https://www.matchworks.com.au/,DES-Employment Support Service,All Client Types,3
MatchWorks,https://www.matchworks.com.au/,DES-Employment Support Service,All Client Types,3
MatchWorks,https://www.matchworks.com.au/,DES-Employment Support Service,All Client Types,3
MatchWorks,https://www.matchworks.com.au/,DES-Employment Support Service,All Client Types,3
MAX Employment,https://www.maxsolutions.com.au/,DES-Employment Support Service,All Client Types,3
MAX Employment,https://www.maxsolutions.com.au/,DES-Employment Support Service,All Client Types,3
MAX Employment,https://www.maxsolutions.com.au/,DES-Employment Support Service,All Client Types,3
MAX Employment,https://www.maxsolutions.com.au/,DES-Employment Support Service,All Client Types,3
OCTEC,https://octec.org.au/,DES-Employment Support Service,All Client Types,2
OCTEC,https://octec.org.au/,DES-Employment Support Service,All Client Types,1
OCTEC,https://octec.org.au/,DES-Employment Support Service,All Client Types,2
OCTEC,https://octec.org.au/,DES-Employment Support Service,All Client Types,2
OCTEC,https://octec.org.au/,DES-Employment Support Service,All Client Types,2
OCTEC,https://octec.org.au/,DES-Employment Support Service,All Client Types,2
Uniting (Victoria and Tasmania) Limited,https://www.unitingvictas.org.au/,DES-Employment Support Service,All Client Types,3
Uniting (Victoria and Tasmania) Limited,https://www.unitingvictas.org.au/,DES-Employment Support Service,All Client Types,3
Uniting (Victoria and Tasmania) Limited,https://www.unitingvictas.org.au/,DES-Employment Support Service,"Mental Health, Intellectual Disability, ExOffender",2
Uniting (Victoria and Tasmania) Limited,https://www.unitingvictas.org.au/,DES-Employment Support Service,"Mental Health, Intellectual Disability, ExOffender",2
WISE Employment Ltd,https://wiseemployment.com.au/,DES-Employment Support Service,All Client Types,4
WISE Employment Ltd,https://wiseemployment.com.au/,DES-Employment Support Service,All Client Types,3
WISE Employment Ltd,https://wiseemployment.com.au/,DES-Employment Support Service,All Client Types,3
APM Employment Services,https://apm.net.au,DES-Employment Support Service,All Client Types,5
APM Employment Services,https://apm.net.au,DES-Employment Support Service,All Client Types,3
APM Employment Services,https://apm.net.au,DES-Employment Support Service,All Client Types,5
APM Employment Services,https://apm.net.au,DES-Employment Support Service,All Client Types,2
APM Employment Services,https://apm.net.au,DES-Employment Support Service,All Client Types,5
APM Employment Services,https://apm.net.au,DES-Employment Support Service,All Client Types,2
APM Employment Services,https://apm.net.au,DES-Employment Support Service,All Client Types,3
Atwork Australia Pty Ltd,https://www.atwork.com/,DES-Employment Support Service,All Client Types,3
Atwork Australia Pty Ltd,https://www.atwork.com/,DES-Employment Support Service,All Client Types,2
Campbell Page,https://campbellpage.com.au,DES-Employment Support Service,All Client Types,2
Campbell Page,https://campbellpage.com.au,DES-Employment Support Service,All Client Types,3
Campbell Page,https://campbellpage.com.au,DES-Employment Support Service,All Client Types,1
Campbell Page,https://campbellpage.com.au,DES-Employment Support Service,All Client Types,3
Campbell Page,https://campbellpage.com.au,DES-Employment Support Service,All Client Types,2
CVGT Australia Ltd,https://www.cvgt.com.au/,DES-Employment Support Service,All Client Types,2
CVGT Australia Ltd,https://www.cvgt.com.au/,DES-Employment Support Service,All Client Types,2
CVGT Australia Ltd,https://www.cvgt.com.au/,DES-Employment Support Service,All Client Types,5
ECHO Australia Inc,https://www.echoaustralia.com,DES-Employment Support Service,All Client Types,4
ECHO Australia Inc,https://www.echoaustralia.com,DES-Employment Support Service,All Client Types,3
ECHO Australia Inc,https://www.echoaustralia.com,DES-Employment Support Service,All Client Types,3
MatchWorks,https://www.matchworks.com.au/,DES-Employment Support Service,All Client Types,3
MatchWorks,https://www.matchworks.com.au/,DES-Employment Support Service,All Client Types,1
MatchWorks,https://www.matchworks.com.au/,DES-Employment Support Service,All Client Types,1
MatchWorks,https://www.matchworks.com.au/,DES-Employment Support Service,All Client Types,3
OCTEC,https://octec.org.au/,DES-Employment Support Service,All Client Types,4
The Salvation Army Employment Plus,https://www.employmentplus.com.au/,DES-Employment Support Service,All Client Types,2
The Salvation Army Employment Plus,https://www.employmentplus.com.au/,DES-Employment Support Service,All Client Types,2
The Salvation Army Employment Plus,https://www.employmentplus.com.au/,DES-Employment Support Service,All Client Types,1
The Salvation Army Employment Plus,https://www.employmentplus.com.au/,DES-Employment Support Service,All Client Types,1
WISE Employment Ltd,https://wiseemployment.com.au/,DES-Employment Support Service,All Client Types,3
WISE Employment Ltd,https://wiseemployment.com.au/,DES-Employment Support Service,All Client Types,2
WISE Employment Ltd,https://wiseemployment.com.au/,DES-Employment Support Service,All Client Types,2
APM Employment Services,https://apm.net.au,DES-Employment Support Service,All Client Types,4
APM Employment Services,https://apm.net.au,DES-Employment Support Service,All Client Types,3
APM Employment Services,https://apm.net.au,DES-Employment Support Service,All Client Types,3
Atwork Australia Pty Ltd,https://www.atwork.com/,DES-Employment Support Service,All Client Types,2
Atwork Australia Pty Ltd,https://www.atwork.com/,DES-Employment Support Service,All Client Types,2
Atwork Australia Pty Ltd,https://www.atwork.com/,DES-Employment Support Service,All Client Types,2
Campbell Page,https://campbellpage.com.au,DES-Employment Support Service,All Client Types,3
Campbell Page,https://campbellpage.com.au,DES-Employment Support Service,All Client Types,3
Campbell Page,https://campbellpage.com.au,DES-Employment Support Service,All Client Types,2
DVJS Employment Solutions,https://www.dvjs.com.au,DES-Employment Support Service,All Client Types,5
DVJS Employment Solutions,https://www.dvjs.com.au,DES-Employment Support Service,All Client Types,3
DVJS Employment Solutions,https://www.dvjs.com.au,DES-Employment Support Service,All Client Types,3
ECHO Australia Inc,https://www.echoaustralia.com,DES-Employment Support Service,All Client Types,2
ECHO Australia Inc,https://www.echoaustralia.com,DES-Employment Support Service,All Client Types,3
Jobfind,https://jobfind.com.au/,DES-Employment Support Service,All Client Types,1
Jobfind,https://jobfind.com.au/,DES-Employment Support Service,All Client Types,5
Jobfind,https://jobfind.com.au/,DES-Employment Support Service,All Client Types,2
MatchWorks,https://www.matchworks.com.au/,DES-Employment Support Service,All Client Types,2
MatchWorks,https://www.matchworks.com.au/,DES-Employment Support Service,All Client Types,2
MatchWorks,https://www.matchworks.com.au/,DES-Employment Support Service,All Client Types,2
MAX Employment,https://www.maxsolutions.com.au/,DES-Employment Support Service,All Client Types,5
MAX Employment,https://www.maxsolutions.com.au/,DES-Employment Support Service,All Client Types,3
OCTEC,https://octec.org.au/,DES-Employment Support Service,All Client Types,3
OCTEC,https://octec.org.au/,DES-Employment Support Service,All Client Types,3
OCTEC,https://octec.org.au/,DES-Employment Support Service,All Client Types,3
WISE Employment Ltd,https://wiseemployment.com.au/,DES-Employment Support Service,All Client Types,3
WISE Employment Ltd,https://wiseemployment.com.au/,DES-Employment Support Service,All Client Types,3
WISE Employment Ltd,https://wiseemployment.com.au/,DES-Employment Support Service,All Client Types,2
APM Employment Services,https://apm.net.au,DES-Employment Support Service,All Client Types,3
APM Employment Services,https://apm.net.au,DES-Employment Support Service,All Client Types,4
APM Employment Services,https://apm.net.au,DES-Employment Support Service,All Client Types,4
APM Employment Services,https://apm.net.au,DES-Employment Support Service,All Client Types,5
Atwork Australia Pty Ltd,https://www.atwork.com/,DES-Employment Support Service,All Client Types,1
Atwork Australia Pty Ltd,https://www.atwork.com/,DES-Employment Support Service,All Client Types,2
Campbell Page,https://campbellpage.com.au,DES-Employment Support Service,All Client Types,2
Campbell Page,https://campbellpage.com.au,DES-Employment Support Service,All Client Types,3
Campbell Page,https://campbellpage.com.au,DES-Employment Support Service,All Client Types,2
CVGT Australia Ltd,https://www.cvgt.com.au/,DES-Employment Support Service,All Client Types,5
MatchWorks,https://www.matchworks.com.au/,DES-Employment Support Service,All Client Types,2
MatchWorks,https://www.matchworks.com.au/,DES-Employment Support Service,All Client Types,2
MatchWorks,https://www.matchworks.com.au/,DES-Employment Support Service,All Client Types,1
MatchWorks,https://www.matchworks.com.au/,DES-Employment Support Service,All Client Types,4
MAX Employment,https://www.maxsolutions.com.au/,DES-Employment Support Service,All Client Types,5
MAX Employment,https://www.maxsolutions.com.au/,DES-Employment Support Service,All Client Types,5
MAX Employment,https://www.maxsolutions.com.au/,DES-Employment Support Service,All Client Types,5
OCTEC,https://octec.org.au/,DES-Employment Support Service,All Client Types,4
Status Employment Services,https://www.status.net.au/,DES-Employment Support Service,Mental Health,Not available
WISE Employment Ltd,https://wiseemployment.com.au/,DES-Employment Support Service,All Client Types,4
WISE Employment Ltd,https://wiseemployment.com.au/,DES-Employment Support Service,All Client Types,3
APM Employment Services,https://apm.net.au,DES-Employment Support Service,All Client Types,3
APM Employment Services,https://apm.net.au,DES-Employment Support Service,All Client Types,3
APM Employment Services,https://apm.net.au,DES-Employment Support Service,All Client Types,3
APM Employment Services,https://apm.net.au,DES-Employment Support Service,All Client Types,2
APM Employment Services,https://apm.net.au,DES-Employment Support Service,All Client Types,1
Atwork Australia Pty Ltd,https://www.atwork.com/,DES-Employment Support Service,All Client Types,3
Atwork Australia Pty Ltd,https://www.atwork.com/,DES-Employment Support Service,All Client Types,2
Atwork Australia Pty Ltd,https://www.atwork.com/,DES-Employment Support Service,All Client Types,New Site
Atwork Australia Pty Ltd,https://www.atwork.com/,DES-Employment Support Service,All Client Types,2
Atwork Australia Pty Ltd,https://www.atwork.com/,DES-Employment Support Service,Mental Health,5
Atwork Australia Pty Ltd,https://www.atwork.com/,DES-Employment Support Service,Mental Health,5
Campbell Page,https://campbellpage.com.au,DES-Employment Support Service,All Client Types,4
Campbell Page,https://campbellpage.com.au,DES-Employment Support Service,All Client Types,2
Campbell Page,https://campbellpage.com.au,DES-Employment Support Service,All Client Types,2
Campbell Page,https://campbellpage.com.au,DES-Employment Support Service,All Client Types,2
Campbell Page,https://campbellpage.com.au,DES-Employment Support Service,All Client Types,2
CoAct,https://coact.org.au/,DES-Employment Support Service,"Neurological, ABI, Psych, Intellectual & Learning",3
CoAct,https://coact.org.au/,DES-Employment Support Service,"Neurological, ABI, Psych, Intellectual & Learning",3
CoAct,https://coact.org.au/,DES-Employment Support Service,Youth at Risk,2
CoAct,https://coact.org.au/,DES-Employment Support Service,Youth at Risk,2
CVGT Australia Ltd,https://www.cvgt.com.au/,DES-Employment Support Service,All Client Types,4
CVGT Australia Ltd,https://www.cvgt.com.au/,DES-Employment Support Service,All Client Types,5
CVGT Australia Ltd,https://www.cvgt.com.au/,DES-Employment Support Service,All Client Types,5
Expression Employment,https://employment.expression.com.au/,DES-Employment Support Service,"Gay, Lesbian, Bisexual, Transgender and Intersex",3
Expression Employment,https://employment.expression.com.au/,DES-Employment Support Service,Sensory Impairment (Hearing or Vision Loss),3
Joblife Employment,https://joblifeemployment.com.au/,DES-Employment Support Service,All Client Types,1
MatchWorks,https://www.matchworks.com.au/,DES-Employment Support Service,All Client Types,4
MatchWorks,https://www.matchworks.com.au/,DES-Employment Support Service,All Client Types,5
MatchWorks,https://www.matchworks.com.au/,DES-Employment Support Service,All Client Types,4
MatchWorks,https://www.matchworks.com.au/,DES-Employment Support Service,All Client Types,4
MatchWorks,https://www.matchworks.com.au/,DES-Employment Support Service,All Client Types,4
MAX Employment,https://www.maxsolutions.com.au/,DES-Employment Support Service,All Client Types,3
OCTEC,https://octec.org.au/,DES-Employment Support Service,All Client Types,3
OCTEC,https://octec.org.au/,DES-Employment Support Service,All Client Types,3
Status Employment Services,https://www.status.net.au/,DES-Employment Support Service,All Client Types,Not available
WISE Employment Ltd,https://wiseemployment.com.au/,DES-Employment Support Service,All Client Types,3
WISE Employment Ltd,https://wiseemployment.com.au/,DES-Employment Support Service,All Client Types,2
WISE Employment Ltd,https://wiseemployment.com.au/,DES-Employment Support Service,All Client Types,1
WISE Employment Ltd,https://wiseemployment.com.au/,DES-Employment Support Service,All Client Types,3
APM Employment Services,https://apm.net.au,DES-Employment Support Service,All Client Types,4
APM Employment Services,https://apm.net.au,DES-Employment Support Service,All Client Types,4
APM Employment Services,https://apm.net.au,DES-Employment Support Service,All Client Types,4
APM Employment Services,https://apm.net.au,DES-Employment Support Service,All Client Types,5
APM Employment Services,https://apm.net.au,DES-Employment Support Service,All Client Types,5
APM Employment Services,https://apm.net.au,DES-Employment Support Service,All Client Types,4
APM Employment Services,https://apm.net.au,DES-Employment Support Service,All Client Types,3
Atwork Australia Pty Ltd,https://www.atwork.com/,DES-Employment Support Service,All Client Types,2
Atwork Australia Pty Ltd,https://www.atwork.com/,DES-Employment Support Service,All Client Types,1
Atwork Australia Pty Ltd,https://www.atwork.com/,DES-Employment Support Service,All Client Types,1
Atwork Australia Pty Ltd,https://www.atwork.com/,DES-Employment Support Service,All Client Types,1
Campbell Page,https://campbellpage.com.au,DES-Employment Support Service,All Client Types,3
Campbell Page,https://campbellpage.com.au,DES-Employment Support Service,All Client Types,2
CVGT Australia Ltd,https://www.cvgt.com.au/,DES-Employment Support Service,All Client Types,5
CVGT Australia Ltd,https://www.cvgt.com.au/,DES-Employment Support Service,All Client Types,5
CVGT Australia Ltd,https://www.cvgt.com.au/,DES-Employment Support Service,All Client Types,5
MatchWorks,https://www.matchworks.com.au/,DES-Employment Support Service,All Client Types,3
MatchWorks,https://www.matchworks.com.au/,DES-Employment Support Service,All Client Types,3
MatchWorks,https://www.matchworks.com.au/,DES-Employment Support Service,All Client Types,3
MatchWorks,https://www.matchworks.com.au/,DES-Employment Support Service,All Client Types,3
MatchWorks,https://www.matchworks.com.au/,DES-Employment Support Service,All Client Types,3
MatchWorks,https://www.matchworks.com.au/,DES-Employment Support Service,All Client Types,5
MAX Employment,https://www.maxsolutions.com.au/,DES-Employment Support Service,All Client Types,3
MAX Employment,https://www.maxsolutions.com.au/,DES-Employment Support Service,All Client Types,2
MAX Employment,https://www.maxsolutions.com.au/,DES-Employment Support Service,All Client Types,1
MAX Employment,https://www.maxsolutions.com.au/,DES-Employment Support Service,All Client Types,1
MAX Employment,https://www.maxsolutions.com.au/,DES-Employment Support Service,All Client Types,2
MAX Employment,https://www.maxsolutions.com.au/,DES-Employment Support Service,All Client Types,2
OCTEC,https://octec.org.au/,DES-Employment Support Service,All Client Types,2
OCTEC,https://octec.org.au/,DES-Employment Support Service,All Client Types,New Site
OCTEC,https://octec.org.au/,DES-Employment Support Service,All Client Types,3
OCTEC,https://octec.org.au/,DES-Employment Support Service,All Client Types,2
OCTEC,https://octec.org.au/,DES-Employment Support Service,All Client Types,5
OCTEC,https://octec.org.au/,DES-Employment Support Service,All Client Types,5
OCTEC,https://octec.org.au/,DES-Employment Support Service,All Client Types,5
Status Employment Services,https://www.status.net.au/,DES-Employment Support Service,Mental Health,Not available
Working Communities Network (Consortium),https://wcig.org.au/,DES-Employment Support Service,All Client Types,5
Working Communities Network (Consortium),https://wcig.org.au/,DES-Employment Support Service,Psychiatric Disability/Mental Illness,5
APM Employment Services,https://apm.net.au,DES-Employment Support Service,All Client Types,4
APM Employment Services,https://apm.net.au,DES-Employment Support Service,All Client Types,2
APM Employment Services,https://apm.net.au,DES-Employment Support Service,All Client Types,3
Atwork Australia Pty Ltd,https://www.atwork.com/,DES-Employment Support Service,All Client Types,2
Atwork Australia Pty Ltd,https://www.atwork.com/,DES-Employment Support Service,All Client Types,New Site
Atwork Australia Pty Ltd,https://www.atwork.com/,DES-Employment Support Service,All Client Types,New Site
Atwork Australia Pty Ltd,https://www.atwork.com/,DES-Employment Support Service,Mental Health,3
Atwork Australia Pty Ltd,https://www.atwork.com/,DES-Employment Support Service,Mental Health,2
Atwork Australia Pty Ltd,https://www.atwork.com/,DES-Employment Support Service,Mental Health,2
Jobfind,https://jobfind.com.au/,DES-Employment Support Service,All Client Types,2
Jobfind,https://jobfind.com.au/,DES-Employment Support Service,All Client Types,3
MatchWorks,https://www.matchworks.com.au/,DES-Employment Support Service,All Client Types,1
MatchWorks,https://www.matchworks.com.au/,DES-Employment Support Service,All Client Types,1
MatchWorks,https://www.matchworks.com.au/,DES-Employment Support Service,All Client Types,2
MAX Employment,https://www.maxsolutions.com.au/,DES-Employment Support Service,All Client Types,3
MAX Employment,https://www.maxsolutions.com.au/,DES-Employment Support Service,All Client Types,3
Sign For Work,https://www.signforwork.org.au/,DES-Employment Support Service,All Client Types,3
Sign For Work,https://www.signforwork.org.au/,DES-Employment Support Service,All Client Types,3
Sign For Work,https://www.signforwork.org.au/,DES-Employment Support Service,Deaf and Hearing Impaired,3
Sign For Work,https://www.signforwork.org.au/,DES-Employment Support Service,Deaf and Hearing Impaired,3
Uniting (Victoria and Tasmania) Limited,https://www.unitingvictas.org.au/,DES-Employment Support Service,All Client Types,3
Uniting (Victoria and Tasmania) Limited,https://www.unitingvictas.org.au/,DES-Employment Support Service,Intellectual Disability,1
Uniting (Victoria and Tasmania) Limited,https://www.unitingvictas.org.au/,DES-Employment Support Service,Intellectual Disability,1
Uniting (Victoria and Tasmania) Limited,https://www.unitingvictas.org.au/,DES-Employment Support Service,(IQ<=60) - Moderate Intellectual Disability,Not available
Uniting (Victoria and Tasmania) Limited,https://www.unitingvictas.org.au/,DES-Employment Support Service,(IQ<=60) - Moderate Intellectual Disability,Not available
Uniting (Victoria and Tasmania) Limited,https://www.unitingvictas.org.au/,DES-Employment Support Service,Youth at Risk,Not available
Uniting (Victoria and Tasmania) Limited,https://www.unitingvictas.org.au/,DES-Employment Support Service,Youth at Risk,New Site
Access Australia Group,https://aag.org.au/,DES-Employment Support Service,All Client Types,3
AimBig Employment,https://www.aimbigemployment.com.au,DES-Employment Support Service,All Client Types,Not available
APM Employment Services,https://apm.net.au,DES-Employment Support Service,All Client Types,4
APM Employment Services,https://apm.net.au,DES-Employment Support Service,All Client Types,3
APM Employment Services,https://apm.net.au,DES-Employment Support Service,All Client Types,3
APM Employment Services,https://apm.net.au,DES-Employment Support Service,All Client Types,3
APM Employment Services,https://apm.net.au,DES-Employment Support Service,All Client Types,3
Atwork Australia Pty Ltd,https://www.atwork.com/,DES-Employment Support Service,All Client Types,2
Axis Employment,https://www.caei.com.au,DES-Employment Support Service,All Client Types,3
Axis Employment,https://www.caei.com.au,DES-Employment Support Service,All Client Types,5
CVGT Australia Ltd,https://www.cvgt.com.au/,DES-Employment Support Service,All Client Types,3
CVGT Australia Ltd,https://www.cvgt.com.au/,DES-Employment Support Service,All Client Types,3
PeoplePlus,https://www.peopleplusaustralia.com.au/,DES-Employment Support Service,All Client Types,1
PeoplePlus,https://www.peopleplusaustralia.com.au/,DES-Employment Support Service,All Client Types,1
PeoplePlus,https://www.peopleplusaustralia.com.au/,DES-Employment Support Service,All Client Types,1
The Personnel Group Ltd,https://personnelgroup.com.au/,DES-Employment Support Service,All Client Types,3
WDEA Works,https://www.wdeaworks.org.au/,DES-Employment Support Service,All Client Types,3
WDEA Works,https://www.wdeaworks.org.au/,DES-Employment Support Service,All Client Types,3
WDEA Works,https://www.wdeaworks.org.au/,DES-Employment Support Service,All Client Types,4
APM Employment Services,https://apm.net.au,DES-Employment Support Service,All Client Types,4
APM Employment Services,https://apm.net.au,DES-Employment Support Service,All Client Types,4
APM Employment Services,https://apm.net.au,DES-Employment Support Service,All Client Types,4
APM Employment Services,https://apm.net.au,DES-Employment Support Service,All Client Types,4
Atwork Australia Pty Ltd,https://www.atwork.com/,DES-Employment Support Service,All Client Types,1
Axis Employment,https://www.caei.com.au,DES-Employment Support Service,All Client Types,3
CVGT Australia Ltd,https://www.cvgt.com.au/,DES-Employment Support Service,All Client Types,2
CVGT Australia Ltd,https://www.cvgt.com.au/,DES-Employment Support Service,All Client Types,2
MatchWorks,https://www.matchworks.com.au/,DES-Employment Support Service,All Client Types,3
PeoplePlus,https://www.peopleplusaustralia.com.au/,DES-Employment Support Service,All Client Types,1
WDEA Works,https://www.wdeaworks.org.au/,DES-Employment Support Service,All Client Types,3
WDEA Works,https://www.wdeaworks.org.au/,DES-Employment Support Service,All Client Types,3
WDEA Works,https://www.wdeaworks.org.au/,DES-Employment Support Service,All Client Types,3
AimBig Employment,https://www.aimbigemployment.com.au,DES-Employment Support Service,All Client Types,Not available
APM Employment Services,https://apm.net.au,DES-Employment Support Service,All Client Types,2
APM Employment Services,https://apm.net.au,DES-Employment Support Service,All Client Types,2
APM Employment Services,https://apm.net.au,DES-Employment Support Service,All Client Types,5
APM Employment Services,https://apm.net.au,DES-Employment Support Service,All Client Types,3
Atwork Australia Pty Ltd,https://www.atwork.com/,DES-Employment Support Service,All Client Types,1
Atwork Australia Pty Ltd,https://www.atwork.com/,DES-Employment Support Service,All Client Types,2
Campbell Page,https://campbellpage.com.au,DES-Employment Support Service,All Client Types,2
Campbell Page,https://campbellpage.com.au,DES-Employment Support Service,All Client Types,2
Campbell Page,https://campbellpage.com.au,DES-Employment Support Service,All Client Types,2
Campbell Page,https://campbellpage.com.au,DES-Employment Support Service,All Client Types,2
MatchWorks,https://www.matchworks.com.au/,DES-Employment Support Service,All Client Types,2
MatchWorks,https://www.matchworks.com.au/,DES-Employment Support Service,All Client Types,3
MatchWorks,https://www.matchworks.com.au/,DES-Employment Support Service,All Client Types,3
MatchWorks,https://www.matchworks.com.au/,DES-Employment Support Service,All Client Types,1
MatchWorks,https://www.matchworks.com.au/,DES-Employment Support Service,All Client Types,3
MatchWorks,https://www.matchworks.com.au/,DES-Employment Support Service,All Client Types,3
MatchWorks,https://www.matchworks.com.au/,DES-Employment Support Service,All Client Types,3
MAX Employment,https://www.maxsolutions.com.au/,DES-Employment Support Service,All Client Types,3
OCTEC,https://octec.org.au/,DES-Employment Support Service,All Client Types,3
OCTEC,https://octec.org.au/,DES-Employment Support Service,All Client Types,2
WDEA Works,https://www.wdeaworks.org.au/,DES-Employment Support Service,All Client Types,3
WDEA Works,https://www.wdeaworks.org.au/,DES-Employment Support Service,All Client Types,3
WISE Employment Ltd,https://wiseemployment.com.au/,DES-Employment Support Service,All Client Types,3
WISE Employment Ltd,https://wiseemployment.com.au/,DES-Employment Support Service,All Client Types,3
WISE Employment Ltd,https://wiseemployment.com.au/,DES-Employment Support Service,All Client Types,3
Sureway Employment and Training Pty Ltd,https://www.sureway.com.au/,DES-Employment Support Service,All Client Types,Not available
WDEA Works,https://www.wdeaworks.org.au/,DES-Employment Support Service,All Client Types,3
WDEA Works,https://www.wdeaworks.org.au/,DES-Employment Support Service,All Client Types,5
APM Employment Services,https://apm.net.au,DES-Employment Support Service,All Client Types,4
APM Employment Services,https://apm.net.au,DES-Employment Support Service,All Client Types,5
Axis Employment,https://www.caei.com.au,DES-Employment Support Service,All Client Types,4
OCTEC,https://octec.org.au/,DES-Employment Support Service,All Client Types,2
OCTEC,https://octec.org.au/,DES-Employment Support Service,All Client Types,5
WDEA Works,https://www.wdeaworks.org.au/,DES-Employment Support Service,All Client Types,3
WDEA Works,https://www.wdeaworks.org.au/,DES-Employment Support Service,All Client Types,5
WDEA Works,https://www.wdeaworks.org.au/,DES-Employment Support Service,All Client Types,4
Axis Employment,https://www.caei.com.au,DES-Employment Support Service,All Client Types,5
Axis Employment,https://www.caei.com.au,DES-Employment Support Service,All Client Types,4
WDEA Works,https://www.wdeaworks.org.au/,DES-Employment Support Service,All Client Types,3
MAX Employment,https://www.maxsolutions.com.au/,DES-Employment Support Service,All Client Types,2
OCTEC,https://octec.org.au/,DES-Employment Support Service,All Client Types,3
WDEA Works,https://www.wdeaworks.org.au/,DES-Employment Support Service,All Client Types,3
Axis Employment,https://www.caei.com.au,DES-Employment Support Service,All Client Types,5
MatchWorks,https://www.matchworks.com.au/,DES-Employment Support Service,All Client Types,3
MatchWorks,https://www.matchworks.com.au/,DES-Employment Support Service,All Client Types,3
OCTEC,https://octec.org.au/,DES-Employment Support Service,All Client Types,Not available
WDEA Works,https://www.wdeaworks.org.au/,DES-Employment Support Service,All Client Types,4
WDEA Works,https://www.wdeaworks.org.au/,DES-Employment Support Service,All Client Types,5
APM Employment Services,https://apm.net.au,DES-Employment Support Service,All Client Types,5
APM Employment Services,https://apm.net.au,DES-Employment Support Service,All Client Types,4
APM Employment Services,https://apm.net.au,DES-Employment Support Service,All Client Types,3
APM Employment Services,https://apm.net.au,DES-Employment Support Service,All Client Types,4
APM Employment Services,https://apm.net.au,DES-Employment Support Service,All Client Types,4
APM Employment Services,https://apm.net.au,DES-Employment Support Service,All Client Types,4
APM Employment Services,https://apm.net.au,DES-Employment Support Service,All Client Types,New Site
APM Employment Services,https://apm.net.au,DES-Employment Support Service,All Client Types,4
CoAct,https://coact.org.au/,DES-Employment Support Service,All Client Types,2
CoAct,https://coact.org.au/,DES-Employment Support Service,All Client Types,2
CoAct,https://coact.org.au/,DES-Employment Support Service,All Client Types,2
CoAct,https://coact.org.au/,DES-Employment Support Service,All Client Types,2
CoAct,https://coact.org.au/,DES-Employment Support Service,All Client Types,New Site
Sureway Employment and Training Pty Ltd,https://www.sureway.com.au/,DES-Employment Support Service,All Client Types,3
Sureway Employment and Training Pty Ltd,https://www.sureway.com.au/,DES-Employment Support Service,All Client Types,3
Sureway Employment and Training Pty Ltd,https://www.sureway.com.au/,DES-Employment Support Service,All Client Types,3
Sureway Employment and Training Pty Ltd,https://www.sureway.com.au/,DES-Employment Support Service,All Client Types,3
The Maxima Group Inc,https://maxima.com.au/,DES-Employment Support Service,All Client Types,2
The Maxima Group Inc,https://maxima.com.au/,DES-Employment Support Service,All Client Types,5
APM Employment Services,https://apm.net.au,DES-Employment Support Service,All Client Types,4
APM Employment Services,https://apm.net.au,DES-Employment Support Service,All Client Types,3
Atwork Australia Pty Ltd,https://www.atwork.com/,DES-Employment Support Service,All Client Types,3
CoAct,https://coact.org.au/,DES-Employment Support Service,All Client Types,2
CoAct,https://coact.org.au/,DES-Employment Support Service,All Client Types,2
CoAct,https://coact.org.au/,DES-Employment Support Service,All Client Types,2
CoAct,https://coact.org.au/,DES-Employment Support Service,All Client Types,2
CVGT Australia Ltd,https://www.cvgt.com.au/,DES-Employment Support Service,All Client Types,3
CVGT Australia Ltd,https://www.cvgt.com.au/,DES-Employment Support Service,All Client Types,3
CVGT Australia Ltd,https://www.cvgt.com.au/,DES-Employment Support Service,All Client Types,3
OCTEC,https://octec.org.au/,DES-Employment Support Service,All Client Types,5
Sureway Employment and Training Pty Ltd,https://www.sureway.com.au/,DES-Employment Support Service,All Client Types,1
Sureway Employment and Training Pty Ltd,https://www.sureway.com.au/,DES-Employment Support Service,All Client Types,1
Sureway Employment and Training Pty Ltd,https://www.sureway.com.au/,DES-Employment Support Service,All Client Types,2
Sureway Employment and Training Pty Ltd,https://www.sureway.com.au/,DES-Employment Support Service,All Client Types,2
The Personnel Group Ltd,https://personnelgroup.com.au/,DES-Employment Support Service,All Client Types,5
The Personnel Group Ltd,https://personnelgroup.com.au/,DES-Employment Support Service,All Client Types,4
The Personnel Group Ltd,https://personnelgroup.com.au/,DES-Employment Support Service,All Client Types,3
The Personnel Group Ltd,https://personnelgroup.com.au/,DES-Employment Support Service,All Client Types,2
WDEA Works,https://www.wdeaworks.org.au/,DES-Employment Support Service,All Client Types,4
APM Employment Services,https://apm.net.au,DES-Employment Support Service,All Client Types,2
APM Employment Services,https://apm.net.au,DES-Employment Support Service,All Client Types,3
APM Employment Services,https://apm.net.au,DES-Employment Support Service,All Client Types,3
APM Employment Services,https://apm.net.au,DES-Employment Support Service,All Client Types,3
APM Employment Services,https://apm.net.au,DES-Employment Support Service,All Client Types,3
APM Employment Services,https://apm.net.au,DES-Employment Support Service,All Client Types,3
APM Employment Services,https://apm.net.au,DES-Employment Support Service,All Client Types,3
CoAct,https://coact.org.au/,DES-Employment Support Service,All Client Types,2
CVGT Australia Ltd,https://www.cvgt.com.au/,DES-Employment Support Service,All Client Types,2
OCTEC,https://octec.org.au/,DES-Employment Support Service,All Client Types,5
Sureway Employment and Training Pty Ltd,https://www.sureway.com.au/,DES-Employment Support Service,All Client Types,4
Sureway Employment and Training Pty Ltd,https://www.sureway.com.au/,DES-Employment Support Service,All Client Types,5
The Personnel Group Ltd,https://personnelgroup.com.au/,DES-Employment Support Service,All Client Types,4
The Personnel Group Ltd,https://personnelgroup.com.au/,DES-Employment Support Service,All Client Types,4
APM Employment Services,https://apm.net.au,DES-Employment Support Service,All Client Types,5
APM Employment Services,https://apm.net.au,DES-Employment Support Service,All Client Types,3
APM Employment Services,https://apm.net.au,DES-Employment Support Service,All Client Types,5
APM Employment Services,https://apm.net.au,DES-Employment Support Service,All Client Types,3
APM Employment Services,https://apm.net.au,DES-Employment Support Service,All Client Types,3
APM Employment Services,https://apm.net.au,DES-Employment Support Service,All Client Types,3
APM Employment Services,https://apm.net.au,DES-Employment Support Service,All Client Types,3
APM Employment Services,https://apm.net.au,DES-Employment Support Service,All Client Types,3
APM Employment Services,https://apm.net.au,DES-Employment Support Service,All Client Types,3
APM Employment Services,https://apm.net.au,DES-Employment Support Service,All Client Types,3
APM Employment Services,https://apm.net.au,DES-Employment Support Service,All Client Types,3
Atwork Australia Pty Ltd,https://www.atwork.com/,DES-Employment Support Service,All Client Types,3
Atwork Australia Pty Ltd,https://www.atwork.com/,DES-Employment Support Service,All Client Types,3
Atwork Australia Pty Ltd,https://www.atwork.com/,DES-Employment Support Service,All Client Types,4
Atwork Australia Pty Ltd,https://www.atwork.com/,DES-Employment Support Service,All Client Types,5
Atwork Australia Pty Ltd,https://www.atwork.com/,DES-Employment Support Service,All Client Types,3
Atwork Australia Pty Ltd,https://www.atwork.com/,DES-Employment Support Service,All Client Types,5
MAX Employment,https://www.maxsolutions.com.au/,DES-Employment Support Service,All Client Types,5
MAX Employment,https://www.maxsolutions.com.au/,DES-Employment Support Service,All Client Types,4
MAX Employment,https://www.maxsolutions.com.au/,DES-Employment Support Service,All Client Types,5
MAX Employment,https://www.maxsolutions.com.au/,DES-Employment Support Service,All Client Types,5
MAX Employment,https://www.maxsolutions.com.au/,DES-Employment Support Service,All Client Types,5
MAX Employment,https://www.maxsolutions.com.au/,DES-Employment Support Service,All Client Types,5
Sureway Employment and Training Pty Ltd,https://www.sureway.com.au/,DES-Employment Support Service,All Client Types,1
Sureway Employment and Training Pty Ltd,https://www.sureway.com.au/,DES-Employment Support Service,All Client Types,3
Sureway Employment and Training Pty Ltd,https://www.sureway.com.au/,DES-Employment Support Service,All Client Types,2
Sureway Employment and Training Pty Ltd,https://www.sureway.com.au/,DES-Employment Support Service,All Client Types,2
Sureway Employment and Training Pty Ltd,https://www.sureway.com.au/,DES-Employment Support Service,All Client Types,2
Sureway Employment and Training Pty Ltd,https://www.sureway.com.au/,DES-Employment Support Service,All Client Types,2
The Maxima Group Inc,https://maxima.com.au/,DES-Employment Support Service,All Client Types,3
The Maxima Group Inc,https://maxima.com.au/,DES-Employment Support Service,All Client Types,3
The Maxima Group Inc,https://maxima.com.au/,DES-Employment Support Service,All Client Types,2
WISE Employment Ltd,https://wiseemployment.com.au/,DES-Employment Support Service,All Client Types,3
WISE Employment Ltd,https://wiseemployment.com.au/,DES-Employment Support Service,All Client Types,3
WISE Employment Ltd,https://wiseemployment.com.au/,DES-Employment Support Service,All Client Types,3
APM Employment Services,https://apm.net.au,DES-Employment Support Service,All Client Types,3
APM Employment Services,https://apm.net.au,DES-Employment Support Service,All Client Types,2
APM Employment Services,https://apm.net.au,DES-Employment Support Service,All Client Types,2
APM Employment Services,https://apm.net.au,DES-Employment Support Service,All Client Types,4
APM Employment Services,https://apm.net.au,DES-Employment Support Service,All Client Types,3
APM Employment Services,https://apm.net.au,DES-Employment Support Service,All Client Types,3
APM Employment Services,https://apm.net.au,DES-Employment Support Service,All Client Types,3
CoAct,https://coact.org.au/,DES-Employment Support Service,All Client Types,4
CoAct,https://coact.org.au/,DES-Employment Support Service,All Client Types,3
CVGT Australia Ltd,https://www.cvgt.com.au/,DES-Employment Support Service,All Client Types,2
CVGT Australia Ltd,https://www.cvgt.com.au/,DES-Employment Support Service,All Client Types,3
CVGT Australia Ltd,https://www.cvgt.com.au/,DES-Employment Support Service,All Client Types,3
CVGT Australia Ltd,https://www.cvgt.com.au/,DES-Employment Support Service,All Client Types,2
Sureway Employment and Training Pty Ltd,https://www.sureway.com.au/,DES-Employment Support Service,All Client Types,4
Sureway Employment and Training Pty Ltd,https://www.sureway.com.au/,DES-Employment Support Service,All Client Types,4
Sureway Employment and Training Pty Ltd,https://www.sureway.com.au/,DES-Employment Support Service,All Client Types,4
Sureway Employment and Training Pty Ltd,https://www.sureway.com.au/,DES-Employment Support Service,All Client Types,4
The Personnel Group Ltd,https://personnelgroup.com.au/,DES-Employment Support Service,All Client Types,2
The Personnel Group Ltd,https://personnelgroup.com.au/,DES-Employment Support Service,All Client Types,2
The Personnel Group Ltd,https://personnelgroup.com.au/,DES-Employment Support Service,All Client Types,4
