Program,Speciality,Rating,SITE_ID,DES_ID,Speciality_New,Speciality_Group
Disability Management Service,All Client Types,2,1,1,All Client Types,All Client Types
Employment Support Service,All Client Types,2,1,1,All Client Types,All Client Types
Disability Management Service,All Client Types,3,2,1,All Client Types,All Client Types
Employment Support Service,All Client Types,3,2,1,All Client Types,All Client Types
Disability Management Service,All Client Types,1,3,1,All Client Types,All Client Types
Employment Support Service,All Client Types,3,3,1,All Client Types,All Client Types
Disability Management Service,All Client Types,3,4,1,All Client Types,All Client Types
Employment Support Service,All Client Types,3,4,1,All Client Types,All Client Types
Disability Management Service,All Client Types,3,5,1,All Client Types,All Client Types
Employment Support Service,All Client Types,1,5,1,All Client Types,All Client Types
Disability Management Service,All Client Types,2,6,1,All Client Types,All Client Types
Employment Support Service,All Client Types,3,6,1,All Client Types,All Client Types
Disability Management Service,All Client Types,2,7,1,All Client Types,All Client Types
Employment Support Service,All Client Types,5,7,1,All Client Types,All Client Types
Disability Management Service,All Client Types,2,51,1,All Client Types,All Client Types
Employment Support Service,All Client Types,2,51,1,All Client Types,All Client Types
Disability Management Service,All Client Types,5,52,1,All Client Types,All Client Types
Employment Support Service,All Client Types,3,52,1,All Client Types,All Client Types
Disability Management Service,All Client Types,3,53,1,All Client Types,All Client Types
Employment Support Service,All Client Types,2,53,1,All Client Types,All Client Types
Disability Management Service,All Client Types,2,54,1,All Client Types,All Client Types
Employment Support Service,All Client Types,1,54,1,All Client Types,All Client Types
Disability Management Service,All Client Types,3,55,1,All Client Types,All Client Types
Employment Support Service,All Client Types,3,55,1,All Client Types,All Client Types
Disability Management Service,All Client Types,5,87,1,All Client Types,All Client Types
Employment Support Service,All Client Types,5,87,1,All Client Types,All Client Types
Disability Management Service,All Client Types,5,88,1,All Client Types,All Client Types
Employment Support Service,All Client Types,5,88,1,All Client Types,All Client Types
Disability Management Service,All Client Types,5,89,1,All Client Types,All Client Types
Employment Support Service,All Client Types,2,89,1,All Client Types,All Client Types
Disability Management Service,All Client Types,5,90,1,All Client Types,All Client Types
Employment Support Service,All Client Types,3,90,1,All Client Types,All Client Types
Disability Management Service,All Client Types,5,91,1,All Client Types,All Client Types
Employment Support Service,All Client Types,5,91,1,All Client Types,All Client Types
Disability Management Service,All Client Types,5,92,1,All Client Types,All Client Types
Employment Support Service,All Client Types,2,92,1,All Client Types,All Client Types
Disability Management Service,All Client Types,5,93,1,All Client Types,All Client Types
Employment Support Service,All Client Types,3,93,1,All Client Types,All Client Types
Disability Management Service,All Client Types,3,122,1,All Client Types,All Client Types
Employment Support Service,All Client Types,3,122,1,All Client Types,All Client Types
Disability Management Service,All Client Types,3,123,1,All Client Types,All Client Types
Employment Support Service,All Client Types,3,123,1,All Client Types,All Client Types
Disability Management Service,All Client Types,4,124,1,All Client Types,All Client Types
Employment Support Service,All Client Types,4,124,1,All Client Types,All Client Types
Disability Management Service,All Client Types,4,151,1,All Client Types,All Client Types
Employment Support Service,All Client Types,3,151,1,All Client Types,All Client Types
Disability Management Service,All Client Types,5,152,1,All Client Types,All Client Types
Employment Support Service,All Client Types,4,152,1,All Client Types,All Client Types
Disability Management Service,All Client Types,5,153,1,All Client Types,All Client Types
Employment Support Service,All Client Types,5,153,1,All Client Types,All Client Types
Disability Management Service,All Client Types,3,154,1,All Client Types,All Client Types
Employment Support Service,All Client Types,4,154,1,All Client Types,All Client Types
Disability Management Service,All Client Types,3,170,1,All Client Types,All Client Types
Employment Support Service,All Client Types,3,170,1,All Client Types,All Client Types
Disability Management Service,All Client Types,3,171,1,All Client Types,All Client Types
Employment Support Service,All Client Types,1,171,1,All Client Types,All Client Types
Disability Management Service,All Client Types,2,172,1,All Client Types,All Client Types
Employment Support Service,All Client Types,3,172,1,All Client Types,All Client Types
Disability Management Service,All Client Types,3,173,1,All Client Types,All Client Types
Employment Support Service,All Client Types,2,173,1,All Client Types,All Client Types
Disability Management Service,All Client Types,2,174,1,All Client Types,All Client Types
Employment Support Service,All Client Types,3,174,1,All Client Types,All Client Types
Disability Management Service,All Client Types,3,202,1,All Client Types,All Client Types
Employment Support Service,All Client Types,4,202,1,All Client Types,All Client Types
Disability Management Service,All Client Types,3,203,1,All Client Types,All Client Types
Employment Support Service,All Client Types,4,203,1,All Client Types,All Client Types
Disability Management Service,All Client Types,3,204,1,All Client Types,All Client Types
Employment Support Service,All Client Types,4,204,1,All Client Types,All Client Types
Disability Management Service,All Client Types,3,205,1,All Client Types,All Client Types
Employment Support Service,All Client Types,5,205,1,All Client Types,All Client Types
Disability Management Service,All Client Types,5,206,1,All Client Types,All Client Types
Employment Support Service,All Client Types,5,206,1,All Client Types,All Client Types
Disability Management Service,All Client Types,5,207,1,All Client Types,All Client Types
Employment Support Service,All Client Types,4,207,1,All Client Types,All Client Types
Disability Management Service,All Client Types,4,208,1,All Client Types,All Client Types
Employment Support Service,All Client Types,3,208,1,All Client Types,All Client Types
Disability Management Service,All Client Types,3,236,1,All Client Types,All Client Types
Employment Support Service,All Client Types,4,236,1,All Client Types,All Client Types
Disability Management Service,All Client Types,3,237,1,All Client Types,All Client Types
Employment Support Service,All Client Types,3,237,1,All Client Types,All Client Types
Disability Management Service,All Client Types,1,238,1,All Client Types,All Client Types
Employment Support Service,All Client Types,2,238,1,All Client Types,All Client Types
Disability Management Service,All Client Types,3,252,1,All Client Types,All Client Types
Employment Support Service,All Client Types,4,252,1,All Client Types,All Client Types
Disability Management Service,All Client Types,3,253,1,All Client Types,All Client Types
Employment Support Service,All Client Types,3,253,1,All Client Types,All Client Types
Disability Management Service,All Client Types,3,254,1,All Client Types,All Client Types
Employment Support Service,All Client Types,3,254,1,All Client Types,All Client Types
Disability Management Service,All Client Types,3,255,1,All Client Types,All Client Types
Employment Support Service,All Client Types,3,255,1,All Client Types,All Client Types
Disability Management Service,All Client Types,New Site,256,1,All Client Types,All Client Types
Employment Support Service,All Client Types,3,256,1,All Client Types,All Client Types
Disability Management Service,All Client Types,3,270,1,All Client Types,All Client Types
Employment Support Service,All Client Types,4,270,1,All Client Types,All Client Types
Disability Management Service,All Client Types,3,271,1,All Client Types,All Client Types
Employment Support Service,All Client Types,4,271,1,All Client Types,All Client Types
Disability Management Service,All Client Types,3,272,1,All Client Types,All Client Types
Employment Support Service,All Client Types,4,272,1,All Client Types,All Client Types
Disability Management Service,All Client Types,3,273,1,All Client Types,All Client Types
Employment Support Service,All Client Types,4,273,1,All Client Types,All Client Types
Disability Management Service,All Client Types,3,284,1,All Client Types,All Client Types
Employment Support Service,All Client Types,2,284,1,All Client Types,All Client Types
Disability Management Service,All Client Types,3,285,1,All Client Types,All Client Types
Employment Support Service,All Client Types,2,285,1,All Client Types,All Client Types
Disability Management Service,All Client Types,5,286,1,All Client Types,All Client Types
Employment Support Service,All Client Types,5,286,1,All Client Types,All Client Types
Disability Management Service,All Client Types,3,287,1,All Client Types,All Client Types
Employment Support Service,All Client Types,3,287,1,All Client Types,All Client Types
Disability Management Service,All Client Types,5,311,1,All Client Types,All Client Types
Employment Support Service,All Client Types,4,311,1,All Client Types,All Client Types
Disability Management Service,All Client Types,4,312,1,All Client Types,All Client Types
Employment Support Service,All Client Types,5,312,1,All Client Types,All Client Types
Disability Management Service,All Client Types,4,331,1,All Client Types,All Client Types
Employment Support Service,All Client Types,5,331,1,All Client Types,All Client Types
Disability Management Service,All Client Types,5,332,1,All Client Types,All Client Types
Employment Support Service,All Client Types,4,332,1,All Client Types,All Client Types
Disability Management Service,All Client Types,2,333,1,All Client Types,All Client Types
Employment Support Service,All Client Types,3,333,1,All Client Types,All Client Types
Disability Management Service,All Client Types,3,334,1,All Client Types,All Client Types
Employment Support Service,All Client Types,4,334,1,All Client Types,All Client Types
Disability Management Service,All Client Types,1,335,1,All Client Types,All Client Types
Employment Support Service,All Client Types,4,335,1,All Client Types,All Client Types
Disability Management Service,All Client Types,3,336,1,All Client Types,All Client Types
Employment Support Service,All Client Types,4,336,1,All Client Types,All Client Types
Disability Management Service,All Client Types,3,337,1,All Client Types,All Client Types
Employment Support Service,All Client Types,New Site,337,1,All Client Types,All Client Types
Disability Management Service,All Client Types,3,338,1,All Client Types,All Client Types
Employment Support Service,All Client Types,4,338,1,All Client Types,All Client Types
Disability Management Service,All Client Types,3,349,1,All Client Types,All Client Types
Employment Support Service,All Client Types,4,349,1,All Client Types,All Client Types
Disability Management Service,All Client Types,3,350,1,All Client Types,All Client Types
Employment Support Service,All Client Types,3,350,1,All Client Types,All Client Types
Disability Management Service,All Client Types,5,369,1,All Client Types,All Client Types
Employment Support Service,All Client Types,2,369,1,All Client Types,All Client Types
Disability Management Service,All Client Types,5,370,1,All Client Types,All Client Types
Employment Support Service,All Client Types,3,370,1,All Client Types,All Client Types
Disability Management Service,All Client Types,5,371,1,All Client Types,All Client Types
Employment Support Service,All Client Types,3,371,1,All Client Types,All Client Types
Disability Management Service,All Client Types,5,372,1,All Client Types,All Client Types
Employment Support Service,All Client Types,3,372,1,All Client Types,All Client Types
Disability Management Service,All Client Types,5,373,1,All Client Types,All Client Types
Employment Support Service,All Client Types,3,373,1,All Client Types,All Client Types
Disability Management Service,All Client Types,5,374,1,All Client Types,All Client Types
Employment Support Service,All Client Types,3,374,1,All Client Types,All Client Types
Disability Management Service,All Client Types,5,375,1,All Client Types,All Client Types
Employment Support Service,All Client Types,3,375,1,All Client Types,All Client Types
Disability Management Service,All Client Types,3,383,1,All Client Types,All Client Types
Employment Support Service,All Client Types,3,383,1,All Client Types,All Client Types
Disability Management Service,All Client Types,4,384,1,All Client Types,All Client Types
Employment Support Service,All Client Types,5,384,1,All Client Types,All Client Types
Disability Management Service,All Client Types,3,385,1,All Client Types,All Client Types
Employment Support Service,All Client Types,3,385,1,All Client Types,All Client Types
Disability Management Service,All Client Types,3,386,1,All Client Types,All Client Types
Employment Support Service,All Client Types,3,386,1,All Client Types,All Client Types
Disability Management Service,All Client Types,3,387,1,All Client Types,All Client Types
Employment Support Service,All Client Types,5,387,1,All Client Types,All Client Types
Disability Management Service,All Client Types,3,388,1,All Client Types,All Client Types
Employment Support Service,All Client Types,3,388,1,All Client Types,All Client Types
Disability Management Service,All Client Types,3,389,1,All Client Types,All Client Types
Employment Support Service,All Client Types,3,389,1,All Client Types,All Client Types
Disability Management Service,All Client Types,3,390,1,All Client Types,All Client Types
Employment Support Service,All Client Types,3,390,1,All Client Types,All Client Types
Disability Management Service,All Client Types,3,391,1,All Client Types,All Client Types
Employment Support Service,All Client Types,3,391,1,All Client Types,All Client Types
Disability Management Service,All Client Types,3,392,1,All Client Types,All Client Types
Employment Support Service,All Client Types,3,392,1,All Client Types,All Client Types
Disability Management Service,All Client Types,3,393,1,All Client Types,All Client Types
Employment Support Service,All Client Types,3,393,1,All Client Types,All Client Types
Disability Management Service,All Client Types,3,417,1,All Client Types,All Client Types
Employment Support Service,All Client Types,2,417,1,All Client Types,All Client Types
Disability Management Service,All Client Types,4,418,1,All Client Types,All Client Types
Employment Support Service,All Client Types,3,418,1,All Client Types,All Client Types
Disability Management Service,All Client Types,3,419,1,All Client Types,All Client Types
Employment Support Service,All Client Types,2,419,1,All Client Types,All Client Types
Disability Management Service,All Client Types,2,420,1,All Client Types,All Client Types
Employment Support Service,All Client Types,3,420,1,All Client Types,All Client Types
Disability Management Service,All Client Types,3,421,1,All Client Types,All Client Types
Employment Support Service,All Client Types,4,421,1,All Client Types,All Client Types
Disability Management Service,All Client Types,5,422,1,All Client Types,All Client Types
Employment Support Service,All Client Types,3,422,1,All Client Types,All Client Types
Disability Management Service,All Client Types,3,423,1,All Client Types,All Client Types
Employment Support Service,All Client Types,3,423,1,All Client Types,All Client Types
Disability Management Service,All Client Types,2,8,2,All Client Types,All Client Types
Employment Support Service,All Client Types,1,8,2,All Client Types,All Client Types
Disability Management Service,All Client Types,3,9,2,All Client Types,All Client Types
Employment Support Service,All Client Types,New Site,9,2,All Client Types,All Client Types
Disability Management Service,All Client Types,2,10,2,All Client Types,All Client Types
Employment Support Service,All Client Types,New Site,10,2,All Client Types,All Client Types
Disability Management Service,All Client Types,1,11,2,All Client Types,All Client Types
Employment Support Service,All Client Types,1,11,2,All Client Types,All Client Types
Disability Management Service,All Client Types,New Site,12,2,All Client Types,All Client Types
Employment Support Service,All Client Types,New Site,12,2,All Client Types,All Client Types
Disability Management Service,Mental Health,3,13,2,Mental Health,Mental Health
Disability Management Service,Mental Health,4,14,2,Mental Health,Mental Health
Disability Management Service,All Client Types,2,56,2,All Client Types,All Client Types
Employment Support Service,All Client Types,5,56,2,All Client Types,All Client Types
Disability Management Service,All Client Types,2,57,2,All Client Types,All Client Types
Employment Support Service,All Client Types,3,57,2,All Client Types,All Client Types
Disability Management Service,All Client Types,2,58,2,All Client Types,All Client Types
Employment Support Service,All Client Types,3,58,2,All Client Types,All Client Types
Disability Management Service,All Client Types,New Site,59,2,All Client Types,All Client Types
Employment Support Service,All Client Types,New Site,59,2,All Client Types,All Client Types
Disability Management Service,All Client Types,2,60,2,All Client Types,All Client Types
Employment Support Service,All Client Types,3,60,2,All Client Types,All Client Types
Disability Management Service,All Client Types,2,61,2,All Client Types,All Client Types
Employment Support Service,All Client Types,3,61,2,All Client Types,All Client Types
Disability Management Service,All Client Types,2,94,2,All Client Types,All Client Types
Employment Support Service,All Client Types,3,94,2,All Client Types,All Client Types
Disability Management Service,All Client Types,3,95,2,All Client Types,All Client Types
Employment Support Service,All Client Types,2,95,2,All Client Types,All Client Types
Disability Management Service,All Client Types,1,125,2,All Client Types,All Client Types
Employment Support Service,All Client Types,2,125,2,All Client Types,All Client Types
Disability Management Service,All Client Types,3,126,2,All Client Types,All Client Types
Employment Support Service,All Client Types,2,126,2,All Client Types,All Client Types
Disability Management Service,All Client Types,1,127,2,All Client Types,All Client Types
Employment Support Service,All Client Types,2,127,2,All Client Types,All Client Types
Disability Management Service,All Client Types,1,155,2,All Client Types,All Client Types
Employment Support Service,All Client Types,1,155,2,All Client Types,All Client Types
Disability Management Service,All Client Types,2,156,2,All Client Types,All Client Types
Employment Support Service,All Client Types,2,156,2,All Client Types,All Client Types
Disability Management Service,All Client Types,2,175,2,All Client Types,All Client Types
Employment Support Service,All Client Types,3,175,2,All Client Types,All Client Types
Disability Management Service,All Client Types,3,176,2,All Client Types,All Client Types
Employment Support Service,All Client Types,2,176,2,All Client Types,All Client Types
Disability Management Service,All Client Types,1,177,2,All Client Types,All Client Types
Employment Support Service,All Client Types,New Site,177,2,All Client Types,All Client Types
Disability Management Service,All Client Types,2,178,2,All Client Types,All Client Types
Employment Support Service,All Client Types,2,178,2,All Client Types,All Client Types
Disability Management Service,Mental Health,5,179,2,Mental Health,Mental Health
Employment Support Service,Mental Health,5,179,2,Mental Health,Mental Health
Disability Management Service,All Client Types,2,209,2,All Client Types,All Client Types
Employment Support Service,All Client Types,1,209,2,All Client Types,All Client Types
Disability Management Service,All Client Types,2,210,2,All Client Types,All Client Types
Employment Support Service,All Client Types,1,210,2,All Client Types,All Client Types
Disability Management Service,All Client Types,3,211,2,All Client Types,All Client Types
Employment Support Service,All Client Types,2,211,2,All Client Types,All Client Types
Disability Management Service,All Client Types,1,212,2,All Client Types,All Client Types
Employment Support Service,All Client Types,1,212,2,All Client Types,All Client Types
Disability Management Service,All Client Types,New Site,239,2,All Client Types,All Client Types
Employment Support Service,All Client Types,New Site,239,2,All Client Types,All Client Types
Disability Management Service,All Client Types,2,240,2,All Client Types,All Client Types
Employment Support Service,All Client Types,2,240,2,All Client Types,All Client Types
Disability Management Service,All Client Types,3,241,2,All Client Types,All Client Types
Employment Support Service,All Client Types,New Site,241,2,All Client Types,All Client Types
Disability Management Service,Mental Health,3,242,2,Mental Health,Mental Health
Employment Support Service,Mental Health,2,242,2,Mental Health,Mental Health
Disability Management Service,All Client Types,2,257,2,All Client Types,All Client Types
Employment Support Service,All Client Types,2,257,2,All Client Types,All Client Types
Disability Management Service,All Client Types,3,274,2,All Client Types,All Client Types
Employment Support Service,All Client Types,1,274,2,All Client Types,All Client Types
Disability Management Service,All Client Types,2,288,2,All Client Types,All Client Types
Employment Support Service,All Client Types,1,288,2,All Client Types,All Client Types
Disability Management Service,All Client Types,3,289,2,All Client Types,All Client Types
Employment Support Service,All Client Types,2,289,2,All Client Types,All Client Types
Disability Management Service,All Client Types,1,351,2,All Client Types,All Client Types
Employment Support Service,All Client Types,3,351,2,All Client Types,All Client Types
Disability Management Service,All Client Types,2,394,2,All Client Types,All Client Types
Employment Support Service,All Client Types,3,394,2,All Client Types,All Client Types
Disability Management Service,All Client Types,New Site,395,2,All Client Types,All Client Types
Employment Support Service,All Client Types,4,395,2,All Client Types,All Client Types
Disability Management Service,All Client Types,New Site,396,2,All Client Types,All Client Types
Employment Support Service,All Client Types,5,396,2,All Client Types,All Client Types
Disability Management Service,All Client Types,2,397,2,All Client Types,All Client Types
Employment Support Service,All Client Types,3,397,2,All Client Types,All Client Types
Disability Management Service,All Client Types,2,398,2,All Client Types,All Client Types
Employment Support Service,All Client Types,5,398,2,All Client Types,All Client Types
Disability Management Service,All Client Types,New Site,399,2,All Client Types,All Client Types
Employment Support Service,All Client Types,3,399,2,All Client Types,All Client Types
Disability Management Service,All Client Types,3,15,3,All Client Types,All Client Types
Employment Support Service,All Client Types,2,15,3,All Client Types,All Client Types
Disability Management Service,All Client Types,1,16,3,All Client Types,All Client Types
Employment Support Service,All Client Types,4,16,3,All Client Types,All Client Types
Disability Management Service,All Client Types,2,17,3,All Client Types,All Client Types
Employment Support Service,All Client Types,1,17,3,All Client Types,All Client Types
Disability Management Service,All Client Types,2,62,3,All Client Types,All Client Types
Employment Support Service,All Client Types,1,62,3,All Client Types,All Client Types
Disability Management Service,All Client Types,3,63,3,All Client Types,All Client Types
Employment Support Service,All Client Types,3,63,3,All Client Types,All Client Types
Disability Management Service,All Client Types,3,64,3,All Client Types,All Client Types
Employment Support Service,All Client Types,5,64,3,All Client Types,All Client Types
Disability Management Service,All Client Types,3,65,3,All Client Types,All Client Types
Employment Support Service,All Client Types,3,65,3,All Client Types,All Client Types
Disability Management Service,All Client Types,2,66,3,All Client Types,All Client Types
Employment Support Service,All Client Types,3,66,3,All Client Types,All Client Types
Disability Management Service,All Client Types,3,96,3,All Client Types,All Client Types
Employment Support Service,All Client Types,3,96,3,All Client Types,All Client Types
Disability Management Service,All Client Types,2,97,3,All Client Types,All Client Types
Employment Support Service,All Client Types,2,97,3,All Client Types,All Client Types
Disability Management Service,All Client Types,3,98,3,All Client Types,All Client Types
Employment Support Service,All Client Types,3,98,3,All Client Types,All Client Types
Disability Management Service,All Client Types,3,99,3,All Client Types,All Client Types
Employment Support Service,All Client Types,1,99,3,All Client Types,All Client Types
Disability Management Service,All Client Types,3,100,3,All Client Types,All Client Types
Employment Support Service,All Client Types,2,100,3,All Client Types,All Client Types
Disability Management Service,All Client Types,2,128,3,All Client Types,All Client Types
Employment Support Service,All Client Types,2,128,3,All Client Types,All Client Types
Disability Management Service,All Client Types,3,129,3,All Client Types,All Client Types
Employment Support Service,All Client Types,3,129,3,All Client Types,All Client Types
Disability Management Service,All Client Types,3,130,3,All Client Types,All Client Types
Employment Support Service,All Client Types,3,130,3,All Client Types,All Client Types
Disability Management Service,All Client Types,3,157,3,All Client Types,All Client Types
Employment Support Service,All Client Types,2,157,3,All Client Types,All Client Types
Disability Management Service,All Client Types,2,158,3,All Client Types,All Client Types
Employment Support Service,All Client Types,3,158,3,All Client Types,All Client Types
Disability Management Service,All Client Types,2,159,3,All Client Types,All Client Types
Employment Support Service,All Client Types,2,159,3,All Client Types,All Client Types
Disability Management Service,All Client Types,2,180,3,All Client Types,All Client Types
Employment Support Service,All Client Types,2,180,3,All Client Types,All Client Types
Disability Management Service,All Client Types,3,181,3,All Client Types,All Client Types
Employment Support Service,All Client Types,4,181,3,All Client Types,All Client Types
Disability Management Service,All Client Types,1,182,3,All Client Types,All Client Types
Employment Support Service,All Client Types,2,182,3,All Client Types,All Client Types
Disability Management Service,All Client Types,2,183,3,All Client Types,All Client Types
Employment Support Service,All Client Types,2,183,3,All Client Types,All Client Types
Disability Management Service,All Client Types,5,184,3,All Client Types,All Client Types
Employment Support Service,All Client Types,2,184,3,All Client Types,All Client Types
Disability Management Service,All Client Types,3,213,3,All Client Types,All Client Types
Employment Support Service,All Client Types,2,213,3,All Client Types,All Client Types
Disability Management Service,All Client Types,4,214,3,All Client Types,All Client Types
Employment Support Service,All Client Types,3,214,3,All Client Types,All Client Types
Disability Management Service,All Client Types,2,290,3,All Client Types,All Client Types
Employment Support Service,All Client Types,2,290,3,All Client Types,All Client Types
Disability Management Service,All Client Types,1,291,3,All Client Types,All Client Types
Employment Support Service,All Client Types,2,291,3,All Client Types,All Client Types
Disability Management Service,All Client Types,1,292,3,All Client Types,All Client Types
Employment Support Service,All Client Types,2,292,3,All Client Types,All Client Types
Disability Management Service,All Client Types,1,293,3,All Client Types,All Client Types
Employment Support Service,All Client Types,2,293,3,All Client Types,All Client Types
Disability Management Service,All Client Types,3,18,4,All Client Types,All Client Types
Employment Support Service,All Client Types,2,18,4,All Client Types,All Client Types
Disability Management Service,All Client Types,5,19,4,All Client Types,All Client Types
Employment Support Service,All Client Types,3,19,4,All Client Types,All Client Types
Disability Management Service,All Client Types,4,20,4,All Client Types,All Client Types
Employment Support Service,All Client Types,5,20,4,All Client Types,All Client Types
Disability Management Service,All Client Types,2,67,4,All Client Types,All Client Types
Employment Support Service,All Client Types,3,67,4,All Client Types,All Client Types
Disability Management Service,All Client Types,4,68,4,All Client Types,All Client Types
Employment Support Service,All Client Types,3,68,4,All Client Types,All Client Types
Disability Management Service,All Client Types,3,69,4,All Client Types,All Client Types
Employment Support Service,All Client Types,5,69,4,All Client Types,All Client Types
Disability Management Service,All Client Types,3,70,4,All Client Types,All Client Types
Employment Support Service,All Client Types,2,70,4,All Client Types,All Client Types
Disability Management Service,All Client Types,3,101,4,All Client Types,All Client Types
Employment Support Service,All Client Types,2,101,4,All Client Types,All Client Types
Disability Management Service,All Client Types,3,102,4,All Client Types,All Client Types
Employment Support Service,All Client Types,5,102,4,All Client Types,All Client Types
Disability Management Service,All Client Types,3,103,4,All Client Types,All Client Types
Employment Support Service,All Client Types,2,103,4,All Client Types,All Client Types
Disability Management Service,All Client Types,5,160,4,All Client Types,All Client Types
Employment Support Service,All Client Types,5,160,4,All Client Types,All Client Types
Disability Management Service,All Client Types,3,185,4,All Client Types,All Client Types
Employment Support Service,All Client Types,4,185,4,All Client Types,All Client Types
Disability Management Service,All Client Types,3,186,4,All Client Types,All Client Types
Employment Support Service,All Client Types,5,186,4,All Client Types,All Client Types
Disability Management Service,All Client Types,5,187,4,All Client Types,All Client Types
Employment Support Service,All Client Types,5,187,4,All Client Types,All Client Types
Disability Management Service,All Client Types,5,215,4,All Client Types,All Client Types
Employment Support Service,All Client Types,5,215,4,All Client Types,All Client Types
Disability Management Service,All Client Types,5,216,4,All Client Types,All Client Types
Employment Support Service,All Client Types,5,216,4,All Client Types,All Client Types
Disability Management Service,All Client Types,5,217,4,All Client Types,All Client Types
Employment Support Service,All Client Types,5,217,4,All Client Types,All Client Types
Disability Management Service,All Client Types,3,260,4,All Client Types,All Client Types
Employment Support Service,All Client Types,3,260,4,All Client Types,All Client Types
Disability Management Service,All Client Types,2,261,4,All Client Types,All Client Types
Employment Support Service,All Client Types,3,261,4,All Client Types,All Client Types
Disability Management Service,All Client Types,2,276,4,All Client Types,All Client Types
Employment Support Service,All Client Types,2,276,4,All Client Types,All Client Types
Disability Management Service,All Client Types,3,277,4,All Client Types,All Client Types
Employment Support Service,All Client Types,2,277,4,All Client Types,All Client Types
Disability Management Service,All Client Types,5,356,4,All Client Types,All Client Types
Employment Support Service,All Client Types,3,356,4,All Client Types,All Client Types
Disability Management Service,All Client Types,2,357,4,All Client Types,All Client Types
Employment Support Service,All Client Types,3,357,4,All Client Types,All Client Types
Disability Management Service,All Client Types,2,358,4,All Client Types,All Client Types
Employment Support Service,All Client Types,3,358,4,All Client Types,All Client Types
Disability Management Service,All Client Types,2,377,4,All Client Types,All Client Types
Employment Support Service,All Client Types,2,377,4,All Client Types,All Client Types
Disability Management Service,All Client Types,1,426,4,All Client Types,All Client Types
Employment Support Service,All Client Types,2,426,4,All Client Types,All Client Types
Disability Management Service,All Client Types,2,427,4,All Client Types,All Client Types
Employment Support Service,All Client Types,3,427,4,All Client Types,All Client Types
Disability Management Service,All Client Types,2,428,4,All Client Types,All Client Types
Employment Support Service,All Client Types,2,428,4,All Client Types,All Client Types
Disability Management Service,All Client Types,2,429,4,All Client Types,All Client Types
Employment Support Service,All Client Types,3,429,4,All Client Types,All Client Types
Disability Management Service,All Client Types,3,21,5,All Client Types,All Client Types
Employment Support Service,All Client Types,5,21,5,All Client Types,All Client Types
Disability Management Service,All Client Types,3,22,5,All Client Types,All Client Types
Employment Support Service,All Client Types,4,22,5,All Client Types,All Client Types
Disability Management Service,All Client Types,1,23,5,All Client Types,All Client Types
Employment Support Service,All Client Types,5,23,5,All Client Types,All Client Types
Disability Management Service,All Client Types,1,24,5,All Client Types,All Client Types
Employment Support Service,All Client Types,4,24,5,All Client Types,All Client Types
Disability Management Service,All Client Types,5,131,5,All Client Types,All Client Types
Employment Support Service,All Client Types,5,131,5,All Client Types,All Client Types
Disability Management Service,All Client Types,5,132,5,All Client Types,All Client Types
Employment Support Service,All Client Types,3,132,5,All Client Types,All Client Types
Disability Management Service,All Client Types,1,133,5,All Client Types,All Client Types
Employment Support Service,All Client Types,3,133,5,All Client Types,All Client Types
Disability Management Service,All Client Types,3,25,6,All Client Types,All Client Types
Employment Support Service,All Client Types,2,25,6,All Client Types,All Client Types
Disability Management Service,All Client Types,3,26,6,All Client Types,All Client Types
Employment Support Service,All Client Types,3,26,6,All Client Types,All Client Types
Disability Management Service,All Client Types,5,27,6,All Client Types,All Client Types
Employment Support Service,All Client Types,5,27,6,All Client Types,All Client Types
Disability Management Service,All Client Types,4,104,6,All Client Types,All Client Types
Employment Support Service,All Client Types,4,104,6,All Client Types,All Client Types
Disability Management Service,All Client Types,3,105,6,All Client Types,All Client Types
Employment Support Service,All Client Types,3,105,6,All Client Types,All Client Types
Disability Management Service,All Client Types,4,106,6,All Client Types,All Client Types
Employment Support Service,All Client Types,3,106,6,All Client Types,All Client Types
Disability Management Service,All Client Types,2,134,6,All Client Types,All Client Types
Employment Support Service,All Client Types,2,134,6,All Client Types,All Client Types
Disability Management Service,All Client Types,3,135,6,All Client Types,All Client Types
Employment Support Service,All Client Types,3,135,6,All Client Types,All Client Types
Disability Management Service,All Client Types,3,28,7,All Client Types,All Client Types
Employment Support Service,All Client Types,3,28,7,All Client Types,All Client Types
Disability Management Service,All Client Types,2,29,7,All Client Types,All Client Types
Employment Support Service,All Client Types,4,29,7,All Client Types,All Client Types
Disability Management Service,All Client Types,2,30,7,All Client Types,All Client Types
Employment Support Service,All Client Types,2,30,7,All Client Types,All Client Types
Disability Management Service,All Client Types,5,31,7,All Client Types,All Client Types
Employment Support Service,All Client Types,2,31,7,All Client Types,All Client Types
Disability Management Service,All Client Types,2,32,7,All Client Types,All Client Types
Employment Support Service,All Client Types,3,32,7,All Client Types,All Client Types
Disability Management Service,All Client Types,3,33,7,All Client Types,All Client Types
Employment Support Service,All Client Types,2,33,7,All Client Types,All Client Types
Disability Management Service,All Client Types,3,136,7,All Client Types,All Client Types
Employment Support Service,All Client Types,1,136,7,All Client Types,All Client Types
Disability Management Service,All Client Types,4,137,7,All Client Types,All Client Types
Employment Support Service,All Client Types,5,137,7,All Client Types,All Client Types
Disability Management Service,All Client Types,3,138,7,All Client Types,All Client Types
Employment Support Service,All Client Types,2,138,7,All Client Types,All Client Types
Disability Management Service,All Client Types,2,243,7,All Client Types,All Client Types
Employment Support Service,All Client Types,2,243,7,All Client Types,All Client Types
Disability Management Service,All Client Types,1,244,7,All Client Types,All Client Types
Employment Support Service,All Client Types,3,244,7,All Client Types,All Client Types
Disability Management Service,All Client Types,5,31,9,All Client Types,All Client Types
Employment Support Service,All Client Types,5,31,9,All Client Types,All Client Types
Disability Management Service,All Client Types,4,36,9,All Client Types,All Client Types
Employment Support Service,All Client Types,2,36,9,All Client Types,All Client Types
Disability Management Service,All Client Types,5,71,9,All Client Types,All Client Types
Employment Support Service,All Client Types,3,71,9,All Client Types,All Client Types
Disability Management Service,All Client Types,3,72,9,All Client Types,All Client Types
Employment Support Service,All Client Types,3,72,9,All Client Types,All Client Types
Disability Management Service,All Client Types,3,73,9,All Client Types,All Client Types
Employment Support Service,All Client Types,3,73,9,All Client Types,All Client Types
Disability Management Service,All Client Types,3,74,9,All Client Types,All Client Types
Employment Support Service,All Client Types,3,74,9,All Client Types,All Client Types
Disability Management Service,All Client Types,2,107,9,All Client Types,All Client Types
Employment Support Service,All Client Types,1,107,9,All Client Types,All Client Types
Disability Management Service,All Client Types,3,108,9,All Client Types,All Client Types
Employment Support Service,All Client Types,3,108,9,All Client Types,All Client Types
Disability Management Service,All Client Types,5,109,9,All Client Types,All Client Types
Employment Support Service,All Client Types,3,109,9,All Client Types,All Client Types
Disability Management Service,All Client Types,3,110,9,All Client Types,All Client Types
Employment Support Service,All Client Types,1,110,9,All Client Types,All Client Types
Disability Management Service,All Client Types,3,139,9,All Client Types,All Client Types
Employment Support Service,All Client Types,2,139,9,All Client Types,All Client Types
Disability Management Service,All Client Types,4,140,9,All Client Types,All Client Types
Employment Support Service,All Client Types,2,140,9,All Client Types,All Client Types
Disability Management Service,All Client Types,3,141,9,All Client Types,All Client Types
Employment Support Service,All Client Types,2,141,9,All Client Types,All Client Types
Disability Management Service,All Client Types,3,161,9,All Client Types,All Client Types
Employment Support Service,All Client Types,2,161,9,All Client Types,All Client Types
Disability Management Service,All Client Types,3,162,9,All Client Types,All Client Types
Employment Support Service,All Client Types,2,162,9,All Client Types,All Client Types
Disability Management Service,All Client Types,3,163,9,All Client Types,All Client Types
Employment Support Service,All Client Types,1,163,9,All Client Types,All Client Types
Disability Management Service,All Client Types,3,164,9,All Client Types,All Client Types
Employment Support Service,All Client Types,4,164,9,All Client Types,All Client Types
Disability Management Service,All Client Types,4,190,9,All Client Types,All Client Types
Employment Support Service,All Client Types,4,190,9,All Client Types,All Client Types
Disability Management Service,All Client Types,4,191,9,All Client Types,All Client Types
Employment Support Service,All Client Types,4,191,9,All Client Types,All Client Types
Disability Management Service,All Client Types,5,192,9,All Client Types,All Client Types
Employment Support Service,All Client Types,5,192,9,All Client Types,All Client Types
Disability Management Service,All Client Types,2,193,9,All Client Types,All Client Types
Employment Support Service,All Client Types,4,193,9,All Client Types,All Client Types
Disability Management Service,Psychiatric Disability,3,194,9,Mental Health,Mental Health
Disability Management Service,All Client Types,3,218,9,All Client Types,All Client Types
Employment Support Service,All Client Types,3,218,9,All Client Types,All Client Types
Disability Management Service,All Client Types,3,219,9,All Client Types,All Client Types
Employment Support Service,All Client Types,3,219,9,All Client Types,All Client Types
Disability Management Service,All Client Types,3,220,9,All Client Types,All Client Types
Employment Support Service,All Client Types,3,220,9,All Client Types,All Client Types
Disability Management Service,All Client Types,3,221,9,All Client Types,All Client Types
Employment Support Service,All Client Types,3,221,9,All Client Types,All Client Types
Disability Management Service,All Client Types,4,222,9,All Client Types,All Client Types
Employment Support Service,All Client Types,3,222,9,All Client Types,All Client Types
Disability Management Service,All Client Types,5,223,9,All Client Types,All Client Types
Employment Support Service,All Client Types,5,223,9,All Client Types,All Client Types
Disability Management Service,All Client Types,3,245,9,All Client Types,All Client Types
Employment Support Service,All Client Types,1,245,9,All Client Types,All Client Types
Disability Management Service,All Client Types,3,246,9,All Client Types,All Client Types
Employment Support Service,All Client Types,1,246,9,All Client Types,All Client Types
Disability Management Service,All Client Types,3,247,9,All Client Types,All Client Types
Employment Support Service,All Client Types,2,247,9,All Client Types,All Client Types
Disability Management Service,All Client Types,2,278,9,All Client Types,All Client Types
Employment Support Service,All Client Types,3,278,9,All Client Types,All Client Types
Disability Management Service,All Client Types,3,294,9,All Client Types,All Client Types
Employment Support Service,All Client Types,2,294,9,All Client Types,All Client Types
Disability Management Service,All Client Types,2,295,9,All Client Types,All Client Types
Employment Support Service,All Client Types,3,295,9,All Client Types,All Client Types
Disability Management Service,All Client Types,3,296,9,All Client Types,All Client Types
Employment Support Service,All Client Types,3,296,9,All Client Types,All Client Types
Disability Management Service,All Client Types,3,297,9,All Client Types,All Client Types
Employment Support Service,All Client Types,1,297,9,All Client Types,All Client Types
Disability Management Service,All Client Types,2,298,9,All Client Types,All Client Types
Employment Support Service,All Client Types,3,298,9,All Client Types,All Client Types
Disability Management Service,All Client Types,2,299,9,All Client Types,All Client Types
Employment Support Service,All Client Types,3,299,9,All Client Types,All Client Types
Disability Management Service,All Client Types,2,300,9,All Client Types,All Client Types
Employment Support Service,All Client Types,3,300,9,All Client Types,All Client Types
Disability Management Service,All Client Types,1,326,9,All Client Types,All Client Types
Employment Support Service,All Client Types,3,326,9,All Client Types,All Client Types
Disability Management Service,All Client Types,1,327,9,All Client Types,All Client Types
Employment Support Service,All Client Types,3,327,9,All Client Types,All Client Types
Disability Management Service,All Client Types,2,34,8,All Client Types,All Client Types
Employment Support Service,All Client Types,1,34,8,All Client Types,All Client Types
Disability Management Service,All Client Types,3,35,8,All Client Types,All Client Types
Employment Support Service,All Client Types,1,35,8,All Client Types,All Client Types
Disability Management Service,All Client Types,1,189,8,All Client Types,All Client Types
Employment Support Service,All Client Types,1,189,8,All Client Types,All Client Types
Disability Management Service,All Client Types,3,37,10,All Client Types,All Client Types
Employment Support Service,All Client Types,4,37,10,All Client Types,All Client Types
Disability Management Service,All Client Types,3,38,10,All Client Types,All Client Types
Employment Support Service,All Client Types,3,38,10,All Client Types,All Client Types
Disability Management Service,All Client Types,5,39,10,All Client Types,All Client Types
Employment Support Service,All Client Types,3,39,10,All Client Types,All Client Types
Disability Management Service,All Client Types,3,40,10,All Client Types,All Client Types
Employment Support Service,All Client Types,2,40,10,All Client Types,All Client Types
Disability Management Service,All Client Types,5,41,10,All Client Types,All Client Types
Employment Support Service,All Client Types,5,41,10,All Client Types,All Client Types
Disability Management Service,All Client Types,3,42,10,All Client Types,All Client Types
Employment Support Service,All Client Types,3,42,10,All Client Types,All Client Types
Disability Management Service,All Client Types,2,75,10,All Client Types,All Client Types
Employment Support Service,All Client Types,3,75,10,All Client Types,All Client Types
Disability Management Service,All Client Types,3,76,10,All Client Types,All Client Types
Employment Support Service,All Client Types,3,76,10,All Client Types,All Client Types
Disability Management Service,All Client Types,2,77,10,All Client Types,All Client Types
Employment Support Service,All Client Types,3,77,10,All Client Types,All Client Types
Disability Management Service,All Client Types,2,78,10,All Client Types,All Client Types
Employment Support Service,All Client Types,3,78,10,All Client Types,All Client Types
Disability Management Service,All Client Types,3,142,10,All Client Types,All Client Types
Employment Support Service,All Client Types,3,142,10,All Client Types,All Client Types
Disability Management Service,All Client Types,5,143,10,All Client Types,All Client Types
Employment Support Service,All Client Types,5,143,10,All Client Types,All Client Types
Disability Management Service,All Client Types,4,165,10,All Client Types,All Client Types
Employment Support Service,All Client Types,5,165,10,All Client Types,All Client Types
Disability Management Service,All Client Types,3,166,10,All Client Types,All Client Types
Employment Support Service,All Client Types,5,166,10,All Client Types,All Client Types
Disability Management Service,All Client Types,3,167,10,All Client Types,All Client Types
Employment Support Service,All Client Types,5,167,10,All Client Types,All Client Types
Disability Management Service,All Client Types,3,195,10,All Client Types,All Client Types
Employment Support Service,All Client Types,3,195,10,All Client Types,All Client Types
Disability Management Service,All Client Types,3,207,10,All Client Types,All Client Types
Employment Support Service,All Client Types,1,207,10,All Client Types,All Client Types
Disability Management Service,All Client Types,3,224,10,All Client Types,All Client Types
Employment Support Service,All Client Types,2,224,10,All Client Types,All Client Types
Disability Management Service,All Client Types,4,225,10,All Client Types,All Client Types
Employment Support Service,All Client Types,1,225,10,All Client Types,All Client Types
Disability Management Service,All Client Types,2,226,10,All Client Types,All Client Types
Employment Support Service,All Client Types,3,226,10,All Client Types,All Client Types
Disability Management Service,All Client Types,3,227,10,All Client Types,All Client Types
Employment Support Service,All Client Types,2,227,10,All Client Types,All Client Types
Disability Management Service,All Client Types,3,228,10,All Client Types,All Client Types
Employment Support Service,All Client Types,2,228,10,All Client Types,All Client Types
Disability Management Service,All Client Types,2,248,10,All Client Types,All Client Types
Employment Support Service,All Client Types,3,248,10,All Client Types,All Client Types
Disability Management Service,All Client Types,5,249,10,All Client Types,All Client Types
Employment Support Service,All Client Types,3,249,10,All Client Types,All Client Types
Disability Management Service,All Client Types,4,301,10,All Client Types,All Client Types
Employment Support Service,All Client Types,3,301,10,All Client Types,All Client Types
Disability Management Service,All Client Types,3,322,10,All Client Types,All Client Types
Employment Support Service,All Client Types,2,322,10,All Client Types,All Client Types
Disability Management Service,All Client Types,5,400,10,All Client Types,All Client Types
Employment Support Service,All Client Types,5,400,10,All Client Types,All Client Types
Disability Management Service,All Client Types,5,401,10,All Client Types,All Client Types
Employment Support Service,All Client Types,5,401,10,All Client Types,All Client Types
Disability Management Service,All Client Types,4,402,10,All Client Types,All Client Types
Employment Support Service,All Client Types,5,402,10,All Client Types,All Client Types
Disability Management Service,All Client Types,3,403,10,All Client Types,All Client Types
Employment Support Service,All Client Types,5,403,10,All Client Types,All Client Types
Disability Management Service,All Client Types,5,404,10,All Client Types,All Client Types
Employment Support Service,All Client Types,5,404,10,All Client Types,All Client Types
Disability Management Service,All Client Types,5,405,10,All Client Types,All Client Types
Employment Support Service,All Client Types,4,405,10,All Client Types,All Client Types
Disability Management Service,All Client Types,3,43,11,All Client Types,All Client Types
Employment Support Service,All Client Types,4,43,11,All Client Types,All Client Types
Disability Management Service,All Client Types,3,44,11,All Client Types,All Client Types
Employment Support Service,All Client Types,3,44,11,All Client Types,All Client Types
Disability Management Service,All Client Types,3,45,11,All Client Types,All Client Types
Employment Support Service,All Client Types,3,45,11,All Client Types,All Client Types
Disability Management Service,All Client Types,4,46,11,All Client Types,All Client Types
Employment Support Service,All Client Types,3,46,11,All Client Types,All Client Types
Disability Management Service,All Client Types,3,47,11,All Client Types,All Client Types
Employment Support Service,All Client Types,3,47,11,All Client Types,All Client Types
Disability Management Service,All Client Types,4,48,11,All Client Types,All Client Types
Employment Support Service,All Client Types,3,48,11,All Client Types,All Client Types
Disability Management Service,All Client Types,2,79,11,All Client Types,All Client Types
Employment Support Service,All Client Types,2,79,11,All Client Types,All Client Types
Disability Management Service,All Client Types,4,80,11,All Client Types,All Client Types
Employment Support Service,All Client Types,1,80,11,All Client Types,All Client Types
Disability Management Service,All Client Types,2,81,11,All Client Types,All Client Types
Employment Support Service,All Client Types,2,81,11,All Client Types,All Client Types
Disability Management Service,All Client Types,4,82,11,All Client Types,All Client Types
Employment Support Service,All Client Types,2,82,11,All Client Types,All Client Types
Disability Management Service,All Client Types,5,83,11,All Client Types,All Client Types
Employment Support Service,All Client Types,2,83,11,All Client Types,All Client Types
Disability Management Service,All Client Types,3,84,11,All Client Types,All Client Types
Employment Support Service,All Client Types,2,84,11,All Client Types,All Client Types
Disability Management Service,All Client Types,5,111,11,All Client Types,All Client Types
Employment Support Service,All Client Types,4,111,11,All Client Types,All Client Types
Disability Management Service,All Client Types,4,144,11,All Client Types,All Client Types
Employment Support Service,All Client Types,3,144,11,All Client Types,All Client Types
Disability Management Service,All Client Types,5,145,11,All Client Types,All Client Types
Employment Support Service,All Client Types,3,145,11,All Client Types,All Client Types
Disability Management Service,All Client Types,3,146,11,All Client Types,All Client Types
Employment Support Service,All Client Types,3,146,11,All Client Types,All Client Types
Disability Management Service,All Client Types,3,156,11,All Client Types,All Client Types
Employment Support Service,All Client Types,4,156,11,All Client Types,All Client Types
Disability Management Service,All Client Types,3,196,11,All Client Types,All Client Types
Employment Support Service,All Client Types,3,196,11,All Client Types,All Client Types
Disability Management Service,All Client Types,4,197,11,All Client Types,All Client Types
Employment Support Service,All Client Types,3,197,11,All Client Types,All Client Types
Disability Management Service,All Client Types,4,207,11,All Client Types,All Client Types
Employment Support Service,All Client Types,5,207,11,All Client Types,All Client Types
Disability Management Service,All Client Types,4,229,11,All Client Types,All Client Types
Employment Support Service,All Client Types,2,229,11,All Client Types,All Client Types
Disability Management Service,All Client Types,3,230,11,All Client Types,All Client Types
Employment Support Service,All Client Types,3,230,11,All Client Types,All Client Types
Disability Management Service,All Client Types,2,231,11,All Client Types,All Client Types
Employment Support Service,All Client Types,2,231,11,All Client Types,All Client Types
Disability Management Service,All Client Types,2,232,11,All Client Types,All Client Types
Employment Support Service,All Client Types,New Site,232,11,All Client Types,All Client Types
Disability Management Service,All Client Types,3,233,11,All Client Types,All Client Types
Employment Support Service,All Client Types,5,233,11,All Client Types,All Client Types
Disability Management Service,All Client Types,4,234,11,All Client Types,All Client Types
Employment Support Service,All Client Types,5,234,11,All Client Types,All Client Types
Disability Management Service,All Client Types,2,302,11,All Client Types,All Client Types
Employment Support Service,All Client Types,2,302,11,All Client Types,All Client Types
Disability Management Service,All Client Types,2,303,11,All Client Types,All Client Types
Employment Support Service,All Client Types,3,303,11,All Client Types,All Client Types
Disability Management Service,All Client Types,5,314,11,All Client Types,All Client Types
Employment Support Service,All Client Types,2,314,11,All Client Types,All Client Types
Disability Management Service,All Client Types,2,315,11,All Client Types,All Client Types
Employment Support Service,All Client Types,5,315,11,All Client Types,All Client Types
Disability Management Service,All Client Types,2,323,11,All Client Types,All Client Types
Employment Support Service,All Client Types,3,323,11,All Client Types,All Client Types
Disability Management Service,All Client Types,Not available,328,11,All Client Types,All Client Types
Employment Support Service,All Client Types,Not available,328,11,All Client Types,All Client Types
Disability Management Service,All Client Types,5,359,11,All Client Types,All Client Types
Employment Support Service,All Client Types,5,359,11,All Client Types,All Client Types
Disability Management Service,All Client Types,3,378,11,All Client Types,All Client Types
Employment Support Service,All Client Types,5,378,11,All Client Types,All Client Types
Disability Management Service,All Client Types,4,49,12,All Client Types,All Client Types
Employment Support Service,All Client Types,5,49,12,All Client Types,All Client Types
Disability Management Service,All Client Types,5,50,12,All Client Types,All Client Types
Employment Support Service,All Client Types,5,50,12,All Client Types,All Client Types
Disability Management Service,Mental Health,5,150,12,Mental Health,Mental Health
Disability Management Service,All Client Types,Not available,251,12,All Client Types,All Client Types
Employment Support Service,All Client Types,Not available,251,12,All Client Types,All Client Types
Disability Management Service,Mental Health,Not available,269,12,Mental Health,Mental Health
Disability Management Service,All Client Types,Not available,283,12,All Client Types,All Client Types
Employment Support Service,All Client Types,Not available,283,12,All Client Types,All Client Types
Disability Management Service,All Client Types,4,65,13,All Client Types,All Client Types
Employment Support Service,All Client Types,3,65,13,All Client Types,All Client Types
Disability Management Service,All Client Types,5,85,13,All Client Types,All Client Types
Employment Support Service,All Client Types,3,85,13,All Client Types,All Client Types
Disability Management Service,All Client Types,5,86,13,All Client Types,All Client Types
Employment Support Service,All Client Types,4,86,13,All Client Types,All Client Types
Disability Management Service,All Client Types,3,110,13,All Client Types,All Client Types
Employment Support Service,All Client Types,2,110,13,All Client Types,All Client Types
Disability Management Service,All Client Types,3,114,13,All Client Types,All Client Types
Employment Support Service,All Client Types,2,114,13,All Client Types,All Client Types
Disability Management Service,All Client Types,4,121,13,All Client Types,All Client Types
Employment Support Service,All Client Types,3,121,13,All Client Types,All Client Types
Disability Management Service,All Client Types,5,147,13,All Client Types,All Client Types
Employment Support Service,All Client Types,3,147,13,All Client Types,All Client Types
Disability Management Service,All Client Types,3,148,13,All Client Types,All Client Types
Employment Support Service,All Client Types,3,148,13,All Client Types,All Client Types
Disability Management Service,All Client Types,2,149,13,All Client Types,All Client Types
Employment Support Service,All Client Types,2,149,13,All Client Types,All Client Types
Disability Management Service,All Client Types,3,167,13,All Client Types,All Client Types
Employment Support Service,All Client Types,3,167,13,All Client Types,All Client Types
Disability Management Service,All Client Types,3,169,13,All Client Types,All Client Types
Employment Support Service,All Client Types,4,169,13,All Client Types,All Client Types
Disability Management Service,All Client Types,1,187,13,All Client Types,All Client Types
Employment Support Service,All Client Types,2,187,13,All Client Types,All Client Types
Disability Management Service,All Client Types,2,199,13,All Client Types,All Client Types
Employment Support Service,All Client Types,3,199,13,All Client Types,All Client Types
Disability Management Service,All Client Types,3,200,13,All Client Types,All Client Types
Employment Support Service,All Client Types,1,200,13,All Client Types,All Client Types
Disability Management Service,All Client Types,4,201,13,All Client Types,All Client Types
Employment Support Service,All Client Types,3,201,13,All Client Types,All Client Types
Disability Management Service,All Client Types,3,297,13,All Client Types,All Client Types
Employment Support Service,All Client Types,3,297,13,All Client Types,All Client Types
Disability Management Service,All Client Types,3,306,13,All Client Types,All Client Types
Employment Support Service,All Client Types,3,306,13,All Client Types,All Client Types
Disability Management Service,All Client Types,4,307,13,All Client Types,All Client Types
Employment Support Service,All Client Types,3,307,13,All Client Types,All Client Types
Disability Management Service,All Client Types,5,401,13,All Client Types,All Client Types
Employment Support Service,All Client Types,3,401,13,All Client Types,All Client Types
Disability Management Service,All Client Types,5,415,13,All Client Types,All Client Types
Employment Support Service,All Client Types,3,415,13,All Client Types,All Client Types
Disability Management Service,All Client Types,2,416,13,All Client Types,All Client Types
Employment Support Service,All Client Types,3,416,13,All Client Types,All Client Types
Employment Support Service,All Client Types,3,437,13,All Client Types,All Client Types
Employment Support Service,All Client Types,2,438,13,All Client Types,All Client Types
Disability Management Service,All Client Types,5,112,14,All Client Types,All Client Types
Disability Management Service,All Client Types,5,113,14,All Client Types,All Client Types
Disability Management Service,All Client Types,3,114,14,All Client Types,All Client Types
Disability Management Service,All Client Types,5,115,14,All Client Types,All Client Types
Disability Management Service,All Client Types,5,116,14,All Client Types,All Client Types
Disability Management Service,All Client Types,1,117,15,All Client Types,All Client Types
Employment Support Service,All Client Types,2,117,15,All Client Types,All Client Types
Disability Management Service,All Client Types,2,118,15,All Client Types,All Client Types
Employment Support Service,All Client Types,1,118,15,All Client Types,All Client Types
Disability Management Service,All Client Types,3,119,15,All Client Types,All Client Types
Employment Support Service,All Client Types,2,119,15,All Client Types,All Client Types
Disability Management Service,All Client Types,2,120,15,All Client Types,All Client Types
Employment Support Service,All Client Types,1,120,15,All Client Types,All Client Types
Disability Management Service,Mental Health,2,168,16,Mental Health,Mental Health
Employment Support Service,Mental Health,Not available,168,16,Mental Health,Mental Health
Disability Management Service,All Client Types,2,198,16,All Client Types,All Client Types
Employment Support Service,All Client Types,Not available,198,16,All Client Types,All Client Types
Disability Management Service,Mental Health,1,235,16,Mental Health,Mental Health
Employment Support Service,Mental Health,Not available,235,16,Mental Health,Mental Health
Disability Management Service,Hearing impaired and deaf job seekers,3,188,17,Deaf and Hearing Impaired,Deaf and Hearing Impaired
Disability Management Service,All Client Types,3,250,18,All Client Types,All Client Types
Employment Support Service,All Client Types,3,250,18,All Client Types,All Client Types
Disability Management Service,All Client Types,3,258,19,All Client Types,All Client Types
Employment Support Service,All Client Types,3,258,19,All Client Types,All Client Types
Disability Management Service,All Client Types,3,259,19,All Client Types,All Client Types
Employment Support Service,All Client Types,5,259,19,All Client Types,All Client Types
Disability Management Service,All Client Types,5,275,19,All Client Types,All Client Types
Employment Support Service,All Client Types,3,275,19,All Client Types,All Client Types
Disability Management Service,All Client Types,5,313,19,All Client Types,All Client Types
Employment Support Service,All Client Types,4,313,19,All Client Types,All Client Types
Disability Management Service,All Client Types,4,319,19,All Client Types,All Client Types
Employment Support Service,All Client Types,5,319,19,All Client Types,All Client Types
Disability Management Service,All Client Types,4,320,19,All Client Types,All Client Types
Employment Support Service,All Client Types,4,320,19,All Client Types,All Client Types
Disability Management Service,All Client Types,5,325,19,All Client Types,All Client Types
Employment Support Service,All Client Types,5,325,19,All Client Types,All Client Types
Disability Management Service,All Client Types,3,262,20,All Client Types,All Client Types
Employment Support Service,All Client Types,1,262,20,All Client Types,All Client Types
Disability Management Service,All Client Types,2,263,20,All Client Types,All Client Types
Employment Support Service,All Client Types,1,263,20,All Client Types,All Client Types
Disability Management Service,All Client Types,2,264,20,All Client Types,All Client Types
Employment Support Service,All Client Types,1,264,20,All Client Types,All Client Types
Disability Management Service,All Client Types,1,279,20,All Client Types,All Client Types
Employment Support Service,All Client Types,1,279,20,All Client Types,All Client Types
Disability Management Service,All Client Types,4,265,21,All Client Types,All Client Types
Employment Support Service,All Client Types,3,265,21,All Client Types,All Client Types
Disability Management Service,All Client Types,5,364,21,All Client Types,All Client Types
Employment Support Service,All Client Types,5,364,21,All Client Types,All Client Types
Disability Management Service,All Client Types,3,365,21,All Client Types,All Client Types
Employment Support Service,All Client Types,4,365,21,All Client Types,All Client Types
Disability Management Service,All Client Types,2,366,21,All Client Types,All Client Types
Employment Support Service,All Client Types,2,366,21,All Client Types,All Client Types
Disability Management Service,All Client Types,3,367,21,All Client Types,All Client Types
Employment Support Service,All Client Types,3,367,21,All Client Types,All Client Types
Disability Management Service,All Client Types,3,381,21,All Client Types,All Client Types
Employment Support Service,All Client Types,4,381,21,All Client Types,All Client Types
Disability Management Service,All Client Types,3,382,21,All Client Types,All Client Types
Employment Support Service,All Client Types,4,382,21,All Client Types,All Client Types
Disability Management Service,All Client Types,2,434,21,All Client Types,All Client Types
Employment Support Service,All Client Types,2,434,21,All Client Types,All Client Types
Disability Management Service,All Client Types,3,435,21,All Client Types,All Client Types
Employment Support Service,All Client Types,2,435,21,All Client Types,All Client Types
Disability Management Service,All Client Types,3,436,21,All Client Types,All Client Types
Employment Support Service,All Client Types,4,436,21,All Client Types,All Client Types
Disability Management Service,All Client Types,2,266,22,All Client Types,All Client Types
Employment Support Service,All Client Types,3,266,22,All Client Types,All Client Types
Disability Management Service,All Client Types,3,267,22,All Client Types,All Client Types
Employment Support Service,All Client Types,4,267,22,All Client Types,All Client Types
Disability Management Service,All Client Types,2,268,22,All Client Types,All Client Types
Employment Support Service,All Client Types,3,268,22,All Client Types,All Client Types
Disability Management Service,All Client Types,3,280,22,All Client Types,All Client Types
Employment Support Service,All Client Types,3,280,22,All Client Types,All Client Types
Disability Management Service,All Client Types,2,281,22,All Client Types,All Client Types
Employment Support Service,All Client Types,3,281,22,All Client Types,All Client Types
Disability Management Service,All Client Types,3,282,22,All Client Types,All Client Types
Employment Support Service,All Client Types,3,282,22,All Client Types,All Client Types
Disability Management Service,All Client Types,3,304,22,All Client Types,All Client Types
Employment Support Service,All Client Types,3,304,22,All Client Types,All Client Types
Disability Management Service,All Client Types,3,305,22,All Client Types,All Client Types
Employment Support Service,All Client Types,3,305,22,All Client Types,All Client Types
Disability Management Service,All Client Types,3,309,22,All Client Types,All Client Types
Employment Support Service,All Client Types,3,309,22,All Client Types,All Client Types
Disability Management Service,All Client Types,4,310,22,All Client Types,All Client Types
Employment Support Service,All Client Types,5,310,22,All Client Types,All Client Types
Disability Management Service,All Client Types,4,316,22,All Client Types,All Client Types
Employment Support Service,All Client Types,3,316,22,All Client Types,All Client Types
Disability Management Service,All Client Types,4,317,22,All Client Types,All Client Types
Employment Support Service,All Client Types,5,317,22,All Client Types,All Client Types
Disability Management Service,All Client Types,4,318,22,All Client Types,All Client Types
Employment Support Service,All Client Types,4,318,22,All Client Types,All Client Types
Disability Management Service,All Client Types,3,321,22,All Client Types,All Client Types
Employment Support Service,All Client Types,3,321,22,All Client Types,All Client Types
Disability Management Service,All Client Types,4,324,22,All Client Types,All Client Types
Employment Support Service,All Client Types,3,324,22,All Client Types,All Client Types
Disability Management Service,All Client Types,3,329,22,All Client Types,All Client Types
Employment Support Service,All Client Types,4,329,22,All Client Types,All Client Types
Disability Management Service,All Client Types,4,330,22,All Client Types,All Client Types
Employment Support Service,All Client Types,5,330,22,All Client Types,All Client Types
Disability Management Service,All Client Types,2,368,22,All Client Types,All Client Types
Employment Support Service,All Client Types,4,368,22,All Client Types,All Client Types
Disability Management Service,All Client Types,5,308,23,All Client Types,All Client Types
Employment Support Service,All Client Types,Not available,308,23,All Client Types,All Client Types
Disability Management Service,All Client Types,3,335,23,All Client Types,All Client Types
Employment Support Service,All Client Types,3,335,23,All Client Types,All Client Types
Disability Management Service,All Client Types,3,344,23,All Client Types,All Client Types
Employment Support Service,All Client Types,3,344,23,All Client Types,All Client Types
Disability Management Service,All Client Types,2,345,23,All Client Types,All Client Types
Employment Support Service,All Client Types,3,345,23,All Client Types,All Client Types
Disability Management Service,All Client Types,3,346,23,All Client Types,All Client Types
Employment Support Service,All Client Types,3,346,23,All Client Types,All Client Types
Disability Management Service,All Client Types,5,360,23,All Client Types,All Client Types
Employment Support Service,All Client Types,1,360,23,All Client Types,All Client Types
Disability Management Service,All Client Types,3,361,23,All Client Types,All Client Types
Employment Support Service,All Client Types,1,361,23,All Client Types,All Client Types
Disability Management Service,All Client Types,2,362,23,All Client Types,All Client Types
Employment Support Service,All Client Types,2,362,23,All Client Types,All Client Types
Disability Management Service,All Client Types,2,363,23,All Client Types,All Client Types
Employment Support Service,All Client Types,2,363,23,All Client Types,All Client Types
Disability Management Service,All Client Types,3,379,23,All Client Types,All Client Types
Employment Support Service,All Client Types,4,379,23,All Client Types,All Client Types
Disability Management Service,All Client Types,4,380,23,All Client Types,All Client Types
Employment Support Service,All Client Types,5,380,23,All Client Types,All Client Types
Disability Management Service,All Client Types,3,406,23,All Client Types,All Client Types
Employment Support Service,All Client Types,2,406,23,All Client Types,All Client Types
Disability Management Service,All Client Types,3,407,23,All Client Types,All Client Types
Employment Support Service,All Client Types,1,407,23,All Client Types,All Client Types
Disability Management Service,All Client Types,3,408,23,All Client Types,All Client Types
Employment Support Service,All Client Types,3,408,23,All Client Types,All Client Types
Disability Management Service,All Client Types,3,409,23,All Client Types,All Client Types
Employment Support Service,All Client Types,2,409,23,All Client Types,All Client Types
Disability Management Service,All Client Types,3,410,23,All Client Types,All Client Types
Employment Support Service,All Client Types,2,410,23,All Client Types,All Client Types
Disability Management Service,All Client Types,3,411,23,All Client Types,All Client Types
Employment Support Service,All Client Types,2,411,23,All Client Types,All Client Types
Disability Management Service,All Client Types,3,430,23,All Client Types,All Client Types
Employment Support Service,All Client Types,4,430,23,All Client Types,All Client Types
Disability Management Service,All Client Types,3,431,23,All Client Types,All Client Types
Employment Support Service,All Client Types,4,431,23,All Client Types,All Client Types
Disability Management Service,All Client Types,3,432,23,All Client Types,All Client Types
Employment Support Service,All Client Types,4,432,23,All Client Types,All Client Types
Disability Management Service,All Client Types,3,433,23,All Client Types,All Client Types
Employment Support Service,All Client Types,4,433,23,All Client Types,All Client Types
Disability Management Service,All Client Types,1,339,24,All Client Types,All Client Types
Employment Support Service,All Client Types,2,339,24,All Client Types,All Client Types
Disability Management Service,All Client Types,1,340,24,All Client Types,All Client Types
Employment Support Service,All Client Types,2,340,24,All Client Types,All Client Types
Disability Management Service,All Client Types,1,341,24,All Client Types,All Client Types
Employment Support Service,All Client Types,2,341,24,All Client Types,All Client Types
Disability Management Service,All Client Types,1,342,24,All Client Types,All Client Types
Employment Support Service,All Client Types,2,342,24,All Client Types,All Client Types
Disability Management Service,All Client Types,1,343,24,All Client Types,All Client Types
Employment Support Service,All Client Types,New Site,343,24,All Client Types,All Client Types
Disability Management Service,All Client Types,3,352,24,All Client Types,All Client Types
Employment Support Service,All Client Types,2,352,24,All Client Types,All Client Types
Disability Management Service,All Client Types,3,353,24,All Client Types,All Client Types
Employment Support Service,All Client Types,2,353,24,All Client Types,All Client Types
Disability Management Service,All Client Types,3,354,24,All Client Types,All Client Types
Employment Support Service,All Client Types,2,354,24,All Client Types,All Client Types
Disability Management Service,All Client Types,3,355,24,All Client Types,All Client Types
Employment Support Service,All Client Types,2,355,24,All Client Types,All Client Types
Disability Management Service,All Client Types,3,376,24,All Client Types,All Client Types
Employment Support Service,All Client Types,2,376,24,All Client Types,All Client Types
Disability Management Service,All Client Types,New Site,424,24,All Client Types,All Client Types
Employment Support Service,All Client Types,3,424,24,All Client Types,All Client Types
Disability Management Service,All Client Types,Not available,425,24,All Client Types,All Client Types
Employment Support Service,All Client Types,4,425,24,All Client Types,All Client Types
Employment Support Service,All Client Types,5,439,24,All Client Types,All Client Types
Employment Support Service,All Client Types,3,440,24,All Client Types,All Client Types
Employment Support Service,All Client Types,3,441,24,All Client Types,All Client Types
Employment Support Service,"Neurological, ABI, Psych, Intellectual & Learning",3,444,24,"Mental Health, Intellectual Disability",Mental Health
Employment Support Service,"Neurological, ABI, Psych, Intellectual & Learning",3,445,24,"Mental Health, Intellectual Disability",Mental Health
Disability Management Service,All Client Types,4,347,25,All Client Types,All Client Types
Employment Support Service,All Client Types,2,347,25,All Client Types,All Client Types
Disability Management Service,All Client Types,2,348,25,All Client Types,All Client Types
Employment Support Service,All Client Types,5,348,25,All Client Types,All Client Types
Disability Management Service,All Client Types,2,412,25,All Client Types,All Client Types
Employment Support Service,All Client Types,3,412,25,All Client Types,All Client Types
Disability Management Service,All Client Types,2,413,25,All Client Types,All Client Types
Employment Support Service,All Client Types,2,413,25,All Client Types,All Client Types
Disability Management Service,All Client Types,3,414,25,All Client Types,All Client Types
Employment Support Service,All Client Types,3,414,25,All Client Types,All Client Types
Employment Support Service,All Client Types,3,442,26,All Client Types,All Client Types
Employment Support Service,All Client Types,3,443,26,All Client Types,All Client Types
Employment Support Service,All Client Types,3,449,26,All Client Types,All Client Types
Employment Support Service,Intellectual Disability,1,450,26,Intellectual Disability,Intellectual Disability
Employment Support Service,All Client Types,5,446,27,All Client Types,All Client Types
Employment Support Service,All Client Types,3,447,28,All Client Types,All Client Types
Employment Support Service,All Client Types,3,448,28,All Client Types,All Client Types
